member_symbol,yf_symbol,member_days,member_day_coverage,rows,first,last
A,A,3707,1.0,3707,2012-01-03,2026-09-30
AABA,,1373,0.0,0,,
AAL,AAL,2392,1.0,3707,2012-01-03,2026-09-30
AAP,AAP,2047,1.0,3707,2012-01-03,2026-09-30
AAPL,AAPL,3707,1.0,3707,2012-01-03,2026-09-30
ABBV,ABBV,3457,1.0,3457,2013-01-02,2026-09-30
ABC,COR,2933,1.0,3707,2012-01-03,2026-09-30
ABMD,,1150,0.0,0,,
ABNB,ABNB,762,1.0,1457,2020-12-10,2026-09-30
ABT,ABT,3707,1.0,3707,2012-01-03,2026-09-30
ACGL,ACGL,981,1.0,3707,2012-01-03,2026-09-30
ACN,ACN,3707,1.0,3707,2012-01-03,2026-09-30
ADBE,ADBE,3707,1.0,3707,2012-01-03,2026-09-30
ADI,ADI,3707,1.0,3707,2012-01-03,2026-09-30
ADM,ADM,3707,1.0,3707,2012-01-03,2026-09-30
ADP,ADP,3707,1.0,3707,2012-01-03,2026-09-30
ADS,BFH,1634,1.0,3707,2012-01-03,2026-09-30
ADSK,ADSK,3707,1.0,3707,2012-01-03,2026-09-30
ADT,ADT,899,0.0,2186,2018-01-19,2026-09-30
AEE,AEE,3707,1.0,3707,2012-01-03,2026-09-30
AEP,AEP,3707,1.0,3707,2012-01-03,2026-09-30
AES,AES,3707,1.0,3707,2012-01-03,2026-09-30
AET,,1739,0.0,0,,
AFL,AFL,3707,1.0,3707,2012-01-03,2026-09-30
AGN,,2102,0.0,0,,
AIG,AIG,3707,1.0,3707,2012-01-03,2026-09-30
AIV,AIV,2257,1.0,3707,2012-01-03,2026-09-30
AIZ,AIZ,3707,1.0,3707,2012-01-03,2026-09-30
AJG,AJG,2599,1.0,3707,2012-01-03,2026-09-30
AKAM,AKAM,3707,1.0,3707,2012-01-03,2026-09-30
ALB,ALB,2576,1.0,3707,2012-01-03,2026-09-30
ALGN,ALGN,2334,1.0,3707,2012-01-03,2026-09-30
ALK,ALK,1912,1.0,3707,2012-01-03,2026-09-30
ALL,ALL,3707,1.0,3707,2012-01-03,2026-09-30
ALLE,ALLE,3226,1.0,3235,2013-11-18,2026-09-30
ALTR,,1002,0.0,0,,
ALXN,,2302,0.0,0,,
AMAT,AMAT,3707,1.0,3707,2012-01-03,2026-09-30
AMCR,AMCR,1839,1.0,3615,2012-05-15,2026-09-30
AMD,AMD,2829,1.0,3707,2012-01-03,2026-09-30
AME,AME,3275,1.0,3707,2012-01-03,2026-09-30
AMG,AMG,1380,1.0,3707,2012-01-03,2026-09-30
AMGN,AMGN,3707,1.0,3707,2012-01-03,2026-09-30
AMP,AMP,3707,1.0,3707,2012-01-03,2026-09-30
AMT,AMT,3707,1.0,3707,2012-01-03,2026-09-30
AMTM,AMTM,59,1.0,506,2024-09-24,2026-09-30
AMZN,AMZN,3707,1.0,3707,2012-01-03,2026-09-30
AN,AN,1408,1.0,3707,2012-01-03,2026-09-30
ANDV,,1697,0.0,0,,
ANET,ANET,2033,1.0,3098,2014-06-06,2026-09-30
ANF,ANF,496,1.0,3707,2012-01-03,2026-09-30
ANRZQ,,189,0.0,0,,
ANSS,,2031,0.0,0,,
ANTM,ELV,2638,1.0,3707,2012-01-03,2026-09-30
AON,AON,3707,1.0,3707,2012-01-03,2026-09-30
AOS,AOS,2308,1.0,3707,2012-01-03,2026-09-30
APA,APA,3707,1.0,3707,2012-01-03,2026-09-30
APC,APC,1912,0.0,159,2026-02-12,2026-09-30
APD,APD,3707,1.0,3707,2012-01-03,2026-09-30
APH,APH,3707,1.0,3707,2012-01-03,2026-09-30
APO,APO,443,1.0,3707,2012-01-03,2026-09-30
APOL,,374,0.0,0,,
APP,APP,258,1.0,1372,2021-04-15,2026-09-30
APTV,APTV,3462,1.0,3707,2012-01-03,2026-09-30
ARE,ARE,2397,1.0,3707,2012-01-03,2026-09-30
ARES,ARES,201,1.0,3122,2014-05-02,2026-09-30
ARG,,1103,0.0,0,,
ARNC,,2077,0.0,0,,
ATGE,,188,0.0,0,,
ATI,ATI,879,1.0,3707,2012-01-03,2026-09-30
ATO,ATO,1916,1.0,3707,2012-01-03,2026-09-30
ATVI,,2047,0.0,0,,
AVB,AVB,3676,0.0002720348204570185,1,2026-08-14,2026-08-14
AVGO,AVGO,3118,1.0,3707,2012-01-03,2026-09-30
AVP,,808,0.0,0,,
AVY,AVY,3707,1.0,3707,2012-01-03,2026-09-30
AWK,AWK,2659,1.0,3707,2012-01-03,2026-09-30
AXON,AXON,855,1.0,3707,2012-01-03,2026-09-30
AXP,AXP,3707,1.0,3707,2012-01-03,2026-09-30
AYI,AYI,535,1.0,3707,2012-01-03,2026-09-30
AZO,AZO,3707,1.0,3707,2012-01-03,2026-09-30
BA,BA,3707,1.0,3707,2012-01-03,2026-09-30
BAC,BAC,3707,1.0,3707,2012-01-03,2026-09-30
BALL,BALL,1102,1.0,3707,2012-01-03,2026-09-30
BAX,BAX,3707,1.0,3707,2012-01-03,2026-09-30
BBBY,BBBY,1399,0.0,52,2026-07-17,2026-09-29
BBT,BBT,1996,1.0,3707,2012-01-03,2026-09-30
BBWI,BBWI,795,1.0,3707,2012-01-03,2026-09-30
BBY,BBY,3707,1.0,3707,2012-01-03,2026-09-30
BCR,,1508,0.0,0,,
BDX,BDX,3707,1.0,3707,2012-01-03,2026-09-30
BEAM,BEAM,584,0.0,1671,2020-02-06,2026-09-30
BEN,BEN,3707,1.0,3707,2012-01-03,2026-09-30
BF.B,BF-B,3707,1.0,3707,2012-01-03,2026-09-30
BG,BG,890,1.0,3707,2012-01-03,2026-09-30
BHF,BHF,415,1.0,2315,2017-07-17,2026-09-30
BHGE,,1961,0.0,0,,
BIG,,280,0.0,0,,
BIIB,BIIB,3707,1.0,3707,2012-01-03,2026-09-30
BIO,BIO,1070,1.0,3707,2012-01-03,2026-09-30
BK,BNY,3616,1.0,3707,2012-01-03,2026-09-30
BKNG,BKNG,3707,1.0,3707,2012-01-03,2026-09-30
BKR,BKR,1746,1.0,3707,2012-01-03,2026-09-30
BLDR,BLDR,698,1.0,3707,2012-01-03,2026-09-30
BLK,BLK,3707,1.0,3707,2012-01-03,2026-09-30
BLL,BALL,2605,1.0,3707,2012-01-03,2026-09-30
BMC,,424,0.0,0,,
BMS,,736,0.0,0,,
BMY,BMY,3707,1.0,3707,2012-01-03,2026-09-30
BNY,BNY,91,1.0,3707,2012-01-03,2026-09-30
BR,BR,2083,1.0,3707,2012-01-03,2026-09-30
BRCM,,1025,0.0,0,,
BRK.B,BRK-B,3707,1.0,3707,2012-01-03,2026-09-30
BRO,BRO,1263,1.0,3707,2012-01-03,2026-09-30
BSX,BSX,3707,1.0,3707,2012-01-03,2026-09-30
BTUUQ,,683,0.0,0,,
BWA,BWA,3324,1.0,3707,2012-01-03,2026-09-30
BX,BX,762,1.0,3707,2012-01-03,2026-09-30
BXLT,,233,0.0,0,,
BXP,BXP,3707,1.0,3707,2012-01-03,2026-09-30
C,C,3707,1.0,3707,2012-01-03,2026-09-30
CA,,1723,0.0,0,,
CAG,CAG,3642,1.0,3707,2012-01-03,2026-09-30
CAH,CAH,3707,1.0,3707,2012-01-03,2026-09-30
CAM,CAM,1068,0.0,248,2025-10-06,2026-09-30
CARR,CARR,1631,1.0,1642,2020-03-19,2026-09-30
CASY,CASY,121,1.0,3707,2012-01-03,2026-09-30
CAT,CAT,3707,1.0,3707,2012-01-03,2026-09-30
CB,CB,3707,1.0,3707,2012-01-03,2026-09-30
CBE,,230,0.0,0,,
CBOE,CBOE,2410,1.0,3707,2012-01-03,2026-09-30
CBRE,CBRE,3707,1.0,3707,2012-01-03,2026-09-30
CBS,,1994,0.0,0,,
CCE,,1108,0.0,0,,
CCEP,CCEP,102,1.0,3707,2012-01-03,2026-09-30
CCI,CCI,3659,1.0,3707,2012-01-03,2026-09-30
CCL,CCL,3707,1.0,3707,2012-01-03,2026-09-30
CDAY,,595,0.0,0,,
CDNS,CDNS,2271,1.0,3707,2012-01-03,2026-09-30
CDW,CDW,1765,1.0,3335,2013-06-27,2026-09-30
CE,CE,1569,1.0,3707,2012-01-03,2026-09-30
CEG,CEG,1217,0.9605587510271159,1179,2022-01-19,2026-09-30
CELG,,1985,0.0,0,,
CERN,,2625,0.0,0,,
CF,CF,3707,1.0,3707,2012-01-03,2026-09-30
CFG,CFG,2682,1.0,3022,2014-09-24,2026-09-30
CFN,,804,0.0,0,,
CHD,CHD,2704,1.0,3707,2012-01-03,2026-09-30
CHK,,1561,0.0,0,,
CHRW,CHRW,3707,1.0,3707,2012-01-03,2026-09-30
CHTR,CHTR,2529,1.0,3707,2012-01-03,2026-09-30
CI,CI,3707,1.0,3707,2012-01-03,2026-09-30
CIEN,CIEN,162,1.0,3707,2012-01-03,2026-09-30
CINF,CINF,3707,1.0,3707,2012-01-03,2026-09-30
CL,CL,3707,1.0,3707,2012-01-03,2026-09-30
CLF,CLF,564,1.0,3707,2012-01-03,2026-09-30
CLX,CLX,3707,1.0,3707,2012-01-03,2026-09-30
CMA,,3137,0.0,0,,
CMCSA,CMCSA,3707,1.0,3707,2012-01-03,2026-09-30
CMCSK,,59,0.0,0,,
CME,CME,3707,1.0,3707,2012-01-03,2026-09-30
CMG,CMG,3707,1.0,3707,2012-01-03,2026-09-30
CMI,CMI,3707,1.0,3707,2012-01-03,2026-09-30
CMS,CMS,3707,1.0,3707,2012-01-03,2026-09-30
CNC,CNC,2642,1.0,3707,2012-01-03,2026-09-30
CNP,CNP,3707,1.0,3707,2012-01-03,2026-09-30
CNX,CNX,1048,1.0,3707,2012-01-03,2026-09-30
COF,COF,3707,1.0,3707,2012-01-03,2026-09-30
COG,,2454,0.0,0,,
COHR,COHR,133,1.0,3707,2012-01-03,2026-09-30
COIN,COIN,344,1.0,1373,2021-04-14,2026-09-30
COL,,1737,0.0,0,,
COO,COO,2518,1.0,3707,2012-01-03,2026-09-30
COP,COP,3707,1.0,3707,2012-01-03,2026-09-30
COR,COR,774,1.0,3707,2012-01-03,2026-09-30
COST,COST,3707,1.0,3707,2012-01-03,2026-09-30
COTY,COTY,998,1.0,3345,2013-06-13,2026-09-30
COV,,770,0.0,0,,
CPAY,CPAY,632,1.0,3707,2012-01-03,2026-09-30
CPB,CPB,3636,1.0,3707,2012-01-03,2026-09-30
CPGX,,252,0.0,0,,
CPRI,CPRI,1096,1.0,3707,2012-01-03,2026-09-30
CPRT,CPRT,2073,1.0,3707,2012-01-03,2026-09-30
CPT,CPT,1127,1.0,3707,2012-01-03,2026-09-30
CPWR,CPWR,0,,3706,2012-01-03,2026-09-29
CRH,CRH,194,1.0,3707,2012-01-03,2026-09-30
CRL,CRL,1351,1.0,3707,2012-01-03,2026-09-30
CRM,CRM,3707,1.0,3707,2012-01-03,2026-09-30
CRWD,CRWD,570,1.0,1836,2019-06-12,2026-09-30
CSCO,CSCO,3707,1.0,3707,2012-01-03,2026-09-30
CSGP,CSGP,1012,1.0,3707,2012-01-03,2026-09-30
CSRA,CSRA,589,0.0,35,2026-08-12,2026-09-30
CSX,CSX,3707,1.0,3707,2012-01-03,2026-09-30
CTAS,CTAS,3707,1.0,3707,2012-01-03,2026-09-30
CTL,,2192,0.0,0,,
CTLT,,1071,0.0,0,,
CTRA,,1152,0.0,0,,
CTSH,CTSH,3707,1.0,3707,2012-01-03,2026-09-30
CTVA,CTVA,1843,1.0,1848,2019-05-24,2026-09-30
CTXS,,2705,0.0,0,,
CVC,,1123,0.0,0,,
CVH,,336,0.0,0,,
CVNA,CVNA,194,1.0,2369,2017-04-28,2026-09-30
CVS,CVS,3707,1.0,3707,2012-01-03,2026-09-30
CVX,CVX,3707,1.0,3707,2012-01-03,2026-09-30
CXO,,1238,0.0,0,,
CZR,CZR,1131,1.0,3024,2014-09-22,2026-09-30
D,D,3707,1.0,3707,2012-01-03,2026-09-30
DAL,DAL,3283,1.0,3707,2012-01-03,2026-09-30
DASH,DASH,383,1.0,1458,2020-12-09,2026-09-30
DAY,,506,0.0,0,,
DD,DD,3269,1.0,3707,2012-01-03,2026-09-30
DDOG,DDOG,310,1.0,1767,2019-09-19,2026-09-30
DE,DE,3707,1.0,3707,2012-01-03,2026-09-30
DECK,DECK,637,1.0,3707,2012-01-03,2026-09-30
DELL,DELL,965,0.5253886010362694,2544,2016-08-17,2026-09-30
DF,,349,0.0,0,,
DFS,,3363,0.0,0,,
DG,DG,3477,1.0,3707,2012-01-03,2026-09-30
DGX,DGX,3707,1.0,3707,2012-01-03,2026-09-30
DHI,DHI,3707,1.0,3707,2012-01-03,2026-09-30
DHR,DHR,3707,1.0,3707,2012-01-03,2026-09-30
DIS,DIS,3707,1.0,3707,2012-01-03,2026-09-30
DISCA,WBD,2585,1.0,3707,2012-01-03,2026-09-30
DISCK,,1933,0.0,0,,
DISH,,1578,0.0,0,,
DLR,DLR,2607,1.0,3707,2012-01-03,2026-09-30
DLTR,DLTR,3707,1.0,3707,2012-01-03,2026-09-30
DNB,,1322,0.0,0,,
DNR,,808,0.0,0,,
DO,,1195,0.0,0,,
DOC,DOC,647,1.0,3707,2012-01-03,2026-09-30
DOV,DOV,3707,1.0,3707,2012-01-03,2026-09-30
DOW,DOW,3311,0.5693144065237089,1894,2019-03-20,2026-09-30
DPZ,DPZ,1605,1.0,3707,2012-01-03,2026-09-30
DRE,,1306,0.0,0,,
DRI,DRI,3707,1.0,3707,2012-01-03,2026-09-30
DTE,DTE,3707,1.0,3707,2012-01-03,2026-09-30
DTV,,895,0.0,0,,
DUK,DUK,3707,1.0,3707,2012-01-03,2026-09-30
DVA,DVA,3707,1.0,3707,2012-01-03,2026-09-30
DVN,DVN,3707,1.0,3707,2012-01-03,2026-09-30
DWDP,DD,438,1.0,3707,2012-01-03,2026-09-30
DXC,DXC,2618,1.0,3707,2012-01-03,2026-09-30
DXCM,DXCM,1605,1.0,3707,2012-01-03,2026-09-30
EA,EA,3667,0.0002727024815925825,1,2026-08-04,2026-08-04
EBAY,EBAY,3707,1.0,3707,2012-01-03,2026-09-30
ECHO,ECHO,69,1.0,3707,2012-01-03,2026-09-30
ECL,ECL,3707,1.0,3707,2012-01-03,2026-09-30
ED,ED,3707,1.0,3707,2012-01-03,2026-09-30
EFX,EFX,3707,1.0,3707,2012-01-03,2026-09-30
EG,EG,811,1.0,3707,2012-01-03,2026-09-30
EIX,EIX,3707,1.0,3707,2012-01-03,2026-09-30
EL,EL,3707,1.0,3707,2012-01-03,2026-09-30
ELV,ELV,1069,1.0,3707,2012-01-03,2026-09-30
EMC,EMC,1177,0.0,848,2023-05-15,2026-09-30
EME,EME,258,1.0,3707,2012-01-03,2026-09-30
EMN,EMN,3480,1.0,3707,2012-01-03,2026-09-30
EMR,EMR,3707,1.0,3707,2012-01-03,2026-09-30
ENDP,,528,0.0,0,,
ENPH,ENPH,1181,1.0,3646,2012-03-30,2026-09-30
EOG,EOG,3707,1.0,3707,2012-01-03,2026-09-30
EP,EP,100,1.0,3707,2012-01-03,2026-09-30
EPAM,EPAM,1119,1.0,3682,2012-02-08,2026-09-30
EQIX,EQIX,2899,1.0,3707,2012-01-03,2026-09-30
EQR,EQR,3676,0.0002720348204570185,1,2026-08-17,2026-08-17
EQT,EQT,2730,1.0,3707,2012-01-03,2026-09-30
ERIE,ERIE,507,1.0,3707,2012-01-03,2026-09-30
ES,ES,3707,1.0,3707,2012-01-03,2026-09-30
ESRX,,1754,0.0,0,,
ESS,ESS,3143,1.0,3707,2012-01-03,2026-09-30
ESV,,920,0.0,0,,
ETFC,,2205,0.0,0,,
ETN,ETN,3707,1.0,3707,2012-01-03,2026-09-30
ETR,ETR,3707,1.0,3707,2012-01-03,2026-09-30
ETSY,ETSY,1007,1.0,2882,2015-04-16,2026-09-30
EVHC,,467,0.0,0,,
EVRG,EVRG,2092,1.0,3707,2012-01-03,2026-09-30
EW,EW,3707,1.0,3707,2012-01-03,2026-09-30
EXC,EXC,3707,1.0,3707,2012-01-03,2026-09-30
EXE,EXE,383,1.0,1416,2021-02-10,2026-09-30
EXPD,EXPD,3707,1.0,3707,2012-01-03,2026-09-30
EXPE,EXPE,3707,1.0,3707,2012-01-03,2026-09-30
EXR,EXR,2691,1.0,3707,2012-01-03,2026-09-30
F,F,3707,1.0,3707,2012-01-03,2026-09-30
FANG,FANG,1966,1.0,3510,2012-10-12,2026-09-30
FAST,FAST,3707,1.0,3707,2012-01-03,2026-09-30
FB,META,2130,1.0,3612,2012-05-18,2026-09-30
FBHS,,1633,0.0,0,,
FCPT,FCPT,5,1.0,2737,2015-11-10,2026-09-30
FCX,FCX,3707,1.0,3707,2012-01-03,2026-09-30
FDO,,881,0.0,0,,
FDS,FDS,1199,1.0,3707,2012-01-03,2026-09-30
FDX,FDX,3707,1.0,3707,2012-01-03,2026-09-30
FDXF,FDXF,85,1.0,88,2026-05-27,2026-09-30
FE,FE,3707,1.0,3707,2012-01-03,2026-09-30
FERG,FERG,40,1.0,3707,2012-01-03,2026-09-30
FFIV,FFIV,3707,1.0,3707,2012-01-03,2026-09-30
FHN,FHN,369,1.0,3707,2012-01-03,2026-09-30
FI,FISV,610,1.0,3706,2012-01-03,2026-09-30
FICO,FICO,887,1.0,3707,2012-01-03,2026-09-30
FII,,250,0.0,0,,
FIS,FIS,3707,1.0,3707,2012-01-03,2026-09-30
FISV,FISV,3097,0.9996771068776235,3706,2012-01-03,2026-09-30
FITB,FITB,3707,1.0,3707,2012-01-03,2026-09-30
FIX,FIX,194,1.0,3707,2012-01-03,2026-09-30
FL,,844,0.0,0,,
FLEX,FLEX,71,1.0,3707,2012-01-03,2026-09-30
FLIR,,2356,0.0,0,,
FLR,FLR,1864,1.0,3707,2012-01-03,2026-09-30
FLS,FLS,2318,1.0,3707,2012-01-03,2026-09-30
FLT,CPAY,1449,1.0,3707,2012-01-03,2026-09-30
FMC,FMC,3324,1.0,3707,2012-01-03,2026-09-30
FOSL,FOSL,943,1.0,3707,2012-01-03,2026-09-30
FOX,FOX,2773,0.6848178867652363,1899,2019-03-13,2026-09-30
FOXA,FOXA,3707,0.5125438359859725,1900,2019-03-12,2026-09-30
FRC,,1092,0.0,0,,
FRT,FRT,2682,1.0,3707,2012-01-03,2026-09-30
FRX,,626,0.0,0,,
FSLR,FSLR,2258,1.0,3707,2012-01-03,2026-09-30
FTI,FTI,2293,1.0,3707,2012-01-03,2026-09-30
FTNT,FTNT,2002,1.0,3707,2012-01-03,2026-09-30
FTR,,1310,0.0,0,,
FTV,FTV,2575,1.0,2575,2016-07-05,2026-09-30
GAS,,1131,0.0,0,,
GD,GD,3707,1.0,3707,2012-01-03,2026-09-30
GDDY,GDDY,570,1.0,2893,2015-03-31,2026-09-30
GE,GE,3707,1.0,3707,2012-01-03,2026-09-30
GEHC,GEHC,938,1.0,950,2022-12-15,2026-09-30
GEN,GEN,976,1.0,3707,2012-01-03,2026-09-30
GEV,GEV,627,1.0,630,2024-03-27,2026-09-30
GGP,,1187,0.0,0,,
GHC,GHC,683,1.0,3707,2012-01-03,2026-09-30
GILD,GILD,3707,1.0,3707,2012-01-03,2026-09-30
GIS,GIS,3707,1.0,3707,2012-01-03,2026-09-30
GL,GL,1796,1.0,3707,2012-01-03,2026-09-30
GLW,GLW,3707,1.0,3707,2012-01-03,2026-09-30
GM,GM,3349,1.0,3707,2012-01-03,2026-09-30
GMCR,,490,0.0,0,,
GME,GME,1083,1.0,3707,2012-01-03,2026-09-30
GNRC,GNRC,1389,1.0,3707,2012-01-03,2026-09-30
GNW,GNW,976,1.0,3707,2012-01-03,2026-09-30
GOOG,GOOG,3142,1.0,3707,2012-01-03,2026-09-30
GOOGL,GOOGL,3707,1.0,3707,2012-01-03,2026-09-30
GPC,GPC,3707,1.0,3707,2012-01-03,2026-09-30
GPN,GPN,2624,1.0,3707,2012-01-03,2026-09-30
GPS,GAP,2538,1.0,3707,2012-01-03,2026-09-30
GR,,143,0.0,0,,
GRMN,GRMN,3470,1.0,3707,2012-01-03,2026-09-30
GS,GS,3707,1.0,3707,2012-01-03,2026-09-30
GT,GT,1798,1.0,3707,2012-01-03,2026-09-30
GWW,GWW,3707,1.0,3707,2012-01-03,2026-09-30
HAL,HAL,3707,1.0,3707,2012-01-03,2026-09-30
HAR,,1305,0.0,0,,
HAS,HAS,3707,1.0,3707,2012-01-03,2026-09-30
HBAN,HBAN,3707,1.0,3707,2012-01-03,2026-09-30
HBI,,1700,0.0,0,,
HCA,HCA,2937,1.0,3707,2012-01-03,2026-09-30
HCBK,,964,0.0,0,,
HCP,DOC,1973,1.0,3707,2012-01-03,2026-09-30
HD,HD,3707,1.0,3707,2012-01-03,2026-09-30
HES,,3407,0.0,0,,
HFC,DINO,746,1.0,3707,2012-01-03,2026-09-30
HIG,HIG,3707,1.0,3707,2012-01-03,2026-09-30
HII,HII,2197,1.0,3707,2012-01-03,2026-09-30
HLT,HLT,2334,1.0,3218,2013-12-12,2026-09-30
HNZ,,358,0.0,0,,
HOG,HOG,2130,1.0,3707,2012-01-03,2026-09-30
HOLX,,2521,0.0,0,,
HON,HON,3707,1.0,3707,2012-01-03,2026-09-30
HONA,HONA,66,1.0,75,2026-06-15,2026-09-30
HOOD,HOOD,258,1.0,1299,2021-07-29,2026-09-30
HOT,,1189,0.0,0,,
HP,HP,2110,1.0,3707,2012-01-03,2026-09-30
HPE,HPE,2743,1.0,2753,2015-10-19,2026-09-30
HPQ,HPQ,3707,1.0,3707,2012-01-03,2026-09-30
HRB,HRB,2193,1.0,3707,2012-01-03,2026-09-30
HRL,HRL,3707,1.0,3707,2012-01-03,2026-09-30
HRS,LHX,1864,1.0,3707,2012-01-03,2026-09-30
HSH,,124,0.0,0,,
HSIC,HSIC,2902,1.0,3707,2012-01-03,2026-09-30
HSP,,923,0.0,0,,
HST,HST,3707,1.0,3707,2012-01-03,2026-09-30
HSY,HSY,3707,1.0,3707,2012-01-03,2026-09-30
HUBB,HUBB,740,1.0,3707,2012-01-03,2026-09-30
HUM,HUM,3707,1.0,3707,2012-01-03,2026-09-30
HWM,HWM,1630,1.0,2491,2016-11-01,2026-09-30
IBKR,IBKR,274,1.0,3707,2012-01-03,2026-09-30
IBM,IBM,3707,1.0,3707,2012-01-03,2026-09-30
ICE,ICE,3707,1.0,3707,2012-01-03,2026-09-30
IDXX,IDXX,2447,1.0,3707,2012-01-03,2026-09-30
IEX,IEX,1795,1.0,3707,2012-01-03,2026-09-30
IFF,IFF,3707,1.0,3707,2012-01-03,2026-09-30
IGT,,619,0.0,0,,
ILMN,ILMN,2160,1.0,3707,2012-01-03,2026-09-30
INCY,INCY,2411,1.0,3707,2012-01-03,2026-09-30
INFO,INFO,1195,0.0,494,2024-10-10,2026-09-30
INTC,INTC,3707,1.0,3707,2012-01-03,2026-09-30
INTU,INTU,3707,1.0,3707,2012-01-03,2026-09-30
INVH,INVH,1012,1.0,2429,2017-02-01,2026-09-30
IP,IP,3707,1.0,3707,2012-01-03,2026-09-30
IPG,,3497,0.0,0,,
IPGP,IPGP,1080,1.0,3707,2012-01-03,2026-09-30
IQV,IQV,2284,1.0,3369,2013-05-09,2026-09-30
IR,IR,3707,0.6363636363636364,2359,2017-05-12,2026-09-30
IRM,IRM,3707,1.0,3707,2012-01-03,2026-09-30
ISRG,ISRG,3707,1.0,3707,2012-01-03,2026-09-30
IT,IT,2385,1.0,3707,2012-01-03,2026-09-30
ITW,ITW,3707,1.0,3707,2012-01-03,2026-09-30
IVZ,IVZ,3707,1.0,3707,2012-01-03,2026-09-30
J,J,1710,1.0,3707,2012-01-03,2026-09-30
JBHT,JBHT,2829,1.0,3707,2012-01-03,2026-09-30
JBL,JBL,1413,1.0,3707,2012-01-03,2026-09-30
JCI,JCI,3707,1.0,3707,2012-01-03,2026-09-30
JCP,,481,0.0,0,,
JEC,J,1997,1.0,3707,2012-01-03,2026-09-30
JEF,JEF,1945,1.0,3707,2012-01-03,2026-09-30
JKHY,JKHY,1979,1.0,3707,2012-01-03,2026-09-30
JNJ,JNJ,3707,1.0,3707,2012-01-03,2026-09-30
JNPR,,3397,0.0,0,,
JOY,,947,0.0,0,,
JPM,JPM,3707,1.0,3707,2012-01-03,2026-09-30
JWN,,2130,0.0,0,,
K,,3506,0.0,0,,
KDP,KDP,2708,1.0,3707,2012-01-03,2026-09-30
KEY,KEY,3707,1.0,3707,2012-01-03,2026-09-30
KEYS,KEYS,1984,1.0,3004,2014-10-20,2026-09-30
KHC,KHC,2827,1.0,2827,2015-07-06,2026-09-30
KIM,KIM,3707,1.0,3707,2012-01-03,2026-09-30
KKR,KKR,570,1.0,3707,2012-01-03,2026-09-30
KLAC,KLAC,3707,1.0,3707,2012-01-03,2026-09-30
KMB,KMB,3707,1.0,3707,2012-01-03,2026-09-30
KMI,KMI,3607,1.0,3707,2012-01-03,2026-09-30
KMX,KMX,3478,1.0,3707,2012-01-03,2026-09-30
KO,KO,3707,1.0,3707,2012-01-03,2026-09-30
KORS,CPRI,1220,1.0,3707,2012-01-03,2026-09-30
KR,KR,3707,1.0,3707,2012-01-03,2026-09-30
KRFT,,691,0.0,0,,
KSS,KSS,2193,1.0,3707,2012-01-03,2026-09-30
KSU,,2155,0.0,0,,
KVUE,KVUE,777,1.0,855,2023-05-04,2026-09-30
L,L,3707,1.0,3707,2012-01-03,2026-09-30
LB,LB,2411,0.0,566,2024-06-28,2026-09-30
LDOS,LDOS,2227,1.0,3707,2012-01-03,2026-09-30
LEG,LEG,2508,0.0,1,2026-08-26,2026-08-26
LEN,LEN,3707,1.0,3707,2012-01-03,2026-09-30
LH,LH,3707,1.0,3707,2012-01-03,2026-09-30
LHX,LHX,1843,1.0,3707,2012-01-03,2026-09-30
LIFE,LIFE,517,0.0,169,2026-01-29,2026-09-30
LII,LII,443,1.0,3707,2012-01-03,2026-09-30
LIN,LIN,1984,1.0,3707,2012-01-03,2026-09-30
LITE,LITE,133,1.0,2814,2015-07-23,2026-09-30
LKQ,LKQ,2410,1.0,3707,2012-01-03,2026-09-30
LLL,,1884,0.0,0,,
LLTC,,1305,0.0,0,,
LLY,LLY,3707,1.0,3707,2012-01-03,2026-09-30
LM,,1238,0.0,0,,
LMT,LMT,3707,1.0,3707,2012-01-03,2026-09-30
LNC,LNC,2945,1.0,3707,2012-01-03,2026-09-30
LNT,LNT,2576,1.0,3707,2012-01-03,2026-09-30
LO,,865,0.0,0,,
LOW,LOW,3707,1.0,3707,2012-01-03,2026-09-30
LRCX,LRCX,3601,1.0,3707,2012-01-03,2026-09-30
LSI,,588,0.0,0,,
LULU,LULU,740,1.0,3707,2012-01-03,2026-09-30
LUMN,LUMN,628,1.0,3707,2012-01-03,2026-09-30
LUV,LUV,3707,1.0,3707,2012-01-03,2026-09-30
LVLT,,740,0.0,0,,
LVS,LVS,1757,1.0,3707,2012-01-03,2026-09-30
LW,LW,1833,1.0,2484,2016-11-10,2026-09-30
LXK,,188,0.0,0,,
LYB,LYB,3537,1.0,3707,2012-01-03,2026-09-30
LYV,LYV,1701,1.0,3707,2012-01-03,2026-09-30
M,M,2077,1.0,3707,2012-01-03,2026-09-30
MA,MA,3707,1.0,3707,2012-01-03,2026-09-30
MAA,MAA,2469,1.0,3707,2012-01-03,2026-09-30
MAC,MAC,1668,1.0,3707,2012-01-03,2026-09-30
MAR,MAR,3707,1.0,3707,2012-01-03,2026-09-30
MAS,MAS,3707,1.0,3707,2012-01-03,2026-09-30
MAT,MAT,1868,1.0,3707,2012-01-03,2026-09-30
MCD,MCD,3707,1.0,3707,2012-01-03,2026-09-30
MCHP,MCHP,3707,1.0,3707,2012-01-03,2026-09-30
MCK,MCK,3707,1.0,3707,2012-01-03,2026-09-30
MCO,MCO,3707,1.0,3707,2012-01-03,2026-09-30
MDLZ,MDLZ,3707,1.0,3707,2012-01-03,2026-09-30
MDT,MDT,3707,1.0,3707,2012-01-03,2026-09-30
MET,MET,3707,1.0,3707,2012-01-03,2026-09-30
META,META,1081,1.0,3612,2012-05-18,2026-09-30
MGM,MGM,2308,1.0,3707,2012-01-03,2026-09-30
MHK,MHK,3017,1.0,3707,2012-01-03,2026-09-30
MHS,,62,0.0,0,,
MJN,,1371,0.0,0,,
MKC,MKC,3707,1.0,3707,2012-01-03,2026-09-30
MKTX,MKTX,1565,1.0,3707,2012-01-03,2026-09-30
MLM,MLM,3080,1.0,3707,2012-01-03,2026-09-30
MMC,MRSH,3528,1.0,3707,2012-01-03,2026-09-30
MMI,MMI,97,0.0,3247,2013-10-31,2026-09-30
MMM,MMM,3707,1.0,3707,2012-01-03,2026-09-30
MNK,,739,0.0,0,,
MNST,MNST,3583,1.0,3707,2012-01-03,2026-09-30
MO,MO,3707,1.0,3707,2012-01-03,2026-09-30
MOH,MOH,1017,1.0,3707,2012-01-03,2026-09-30
MOLX,,486,0.0,0,,
MON,,1617,0.0,0,,
MOS,MOS,3707,1.0,3707,2012-01-03,2026-09-30
MPC,MPC,3707,1.0,3707,2012-01-03,2026-09-30
MPWR,MPWR,1414,1.0,3707,2012-01-03,2026-09-30
MRK,MRK,3707,1.0,3707,2012-01-03,2026-09-30
MRNA,MRNA,1305,1.0,1963,2018-12-07,2026-09-30
MRO,,3246,0.0,0,,
MRSH,MRSH,179,1.0,3707,2012-01-03,2026-09-30
MRVL,MRVL,71,1.0,3707,2012-01-03,2026-09-30
MS,MS,3707,1.0,3707,2012-01-03,2026-09-30
MSCI,MSCI,2135,1.0,3707,2012-01-03,2026-09-30
MSFT,MSFT,3707,1.0,3707,2012-01-03,2026-09-30
MSI,MSI,3707,1.0,3707,2012-01-03,2026-09-30
MTB,MTB,3707,1.0,3707,2012-01-03,2026-09-30
MTCH,MTCH,1130,1.0,3707,2012-01-03,2026-09-30
MTD,MTD,2531,1.0,3707,2012-01-03,2026-09-30
MU,MU,3707,1.0,3707,2012-01-03,2026-09-30
MUR,MUR,1399,1.0,3707,2012-01-03,2026-09-30
MWV,,879,0.0,0,,
MXIM,,689,0.0,0,,
MYL,,2234,0.0,0,,
NAVI,NAVI,1031,1.0,3132,2014-04-17,2026-09-30
NBL,,2208,0.0,0,,
NBR,NBR,808,1.0,3707,2012-01-03,2026-09-30
NCLH,NCLH,2252,1.0,3445,2013-01-18,2026-09-30
NDAQ,NDAQ,3707,1.0,3707,2012-01-03,2026-09-30
NDSN,NDSN,1160,1.0,3707,2012-01-03,2026-09-30
NE,NE,890,0.0,1334,2021-06-09,2026-09-30
NEE,NEE,3707,1.0,3707,2012-01-03,2026-09-30
NEM,NEM,3707,1.0,3707,2012-01-03,2026-09-30
NFLX,NFLX,3707,1.0,3707,2012-01-03,2026-09-30
NFX,NFX,1791,0.0,61,2026-07-07,2026-09-30
NI,NI,3707,1.0,3707,2012-01-03,2026-09-30
NKE,NKE,3707,1.0,3707,2012-01-03,2026-09-30
NKTR,NKTR,389,1.0,3707,2012-01-03,2026-09-30
NLOK,GEN,758,1.0,3707,2012-01-03,2026-09-30
NLSN,,2333,0.0,0,,
NOC,NOC,3707,1.0,3707,2012-01-03,2026-09-30
NOV,NOV,2444,1.0,3707,2012-01-03,2026-09-30
NOW,NOW,1722,1.0,3583,2012-06-29,2026-09-30
NRG,NRG,3707,1.0,3707,2012-01-03,2026-09-30
NSC,NSC,3707,1.0,3707,2012-01-03,2026-09-30
NTAP,NTAP,3707,1.0,3707,2012-01-03,2026-09-30
NTRS,NTRS,3707,1.0,3707,2012-01-03,2026-09-30
NUE,NUE,3707,1.0,3707,2012-01-03,2026-09-30
NVDA,NVDA,3707,1.0,3707,2012-01-03,2026-09-30
NVLS,,106,0.0,0,,
NVR,NVR,1762,1.0,3707,2012-01-03,2026-09-30
NWL,NWL,2945,1.0,3707,2012-01-03,2026-09-30
NWS,NWS,2773,1.0,3341,2013-06-19,2026-09-30
NWSA,NWSA,3333,1.0,3341,2013-06-19,2026-09-30
NXPI,NXPI,1389,1.0,3707,2012-01-03,2026-09-30
NYX,,469,0.0,0,,
O,O,2889,1.0,3707,2012-01-03,2026-09-30
ODFL,ODFL,1711,1.0,3707,2012-01-03,2026-09-30
OGN,OGN,597,1.0,1351,2021-05-14,2026-09-30
OI,OI,1238,1.0,3707,2012-01-03,2026-09-30
OKE,OKE,3707,1.0,3707,2012-01-03,2026-09-30
OMC,OMC,3707,1.0,3707,2012-01-03,2026-09-30
ON,ON,1074,1.0,3707,2012-01-03,2026-09-30
ORCL,ORCL,3707,1.0,3707,2012-01-03,2026-09-30
ORLY,ORLY,3707,1.0,3707,2012-01-03,2026-09-30
OTIS,OTIS,1631,1.0,1642,2020-03-19,2026-09-30
OXY,OXY,3707,1.0,3707,2012-01-03,2026-09-30
PANW,PANW,824,1.0,3569,2012-07-20,2026-09-30
PARA,PARA,870,1.0,1414,2021-02-12,2026-09-30
PAYC,PAYC,1545,1.0,3134,2014-04-15,2026-09-30
PAYX,PAYX,3707,1.0,3707,2012-01-03,2026-09-30
PBCT,,2580,0.0,0,,
PBI,PBI,1297,1.0,3707,2012-01-03,2026-09-30
PCAR,PCAR,3707,1.0,3707,2012-01-03,2026-09-30
PCG,PCG,2774,1.0,3707,2012-01-03,2026-09-30
PCL,PCL,1039,0.0,291,2025-08-05,2026-09-30
PCP,,1025,0.0,0,,
PDCO,,1561,0.0,0,,
PEAK,DOC,1087,1.0,3707,2012-01-03,2026-09-30
PEG,PEG,3707,1.0,3707,2012-01-03,2026-09-30
PENN,PENN,377,1.0,3707,2012-01-03,2026-09-30
PEP,PEP,3707,1.0,3707,2012-01-03,2026-09-30
PETM,,609,0.0,0,,
PFE,PFE,3707,1.0,3707,2012-01-03,2026-09-30
PFG,PFG,3707,1.0,3707,2012-01-03,2026-09-30
PG,PG,3707,1.0,3707,2012-01-03,2026-09-30
PGN,,125,0.0,0,,
PGR,PGR,3707,1.0,3707,2012-01-03,2026-09-30
PH,PH,3707,1.0,3707,2012-01-03,2026-09-30
PHM,PHM,3707,1.0,3707,2012-01-03,2026-09-30
PKG,PKG,2308,1.0,3707,2012-01-03,2026-09-30
PKI,RVTY,2860,1.0,3707,2012-01-03,2026-09-30
PLD,PLD,3707,1.0,3707,2012-01-03,2026-09-30
PLL,,920,0.0,0,,
PLTR,PLTR,507,1.0,1507,2020-09-30,2026-09-30
PM,PM,3707,1.0,3707,2012-01-03,2026-09-30
PNC,PNC,3707,1.0,3707,2012-01-03,2026-09-30
PNR,PNR,3519,1.0,3707,2012-01-03,2026-09-30
PNW,PNW,3707,1.0,3707,2012-01-03,2026-09-30
PODD,PODD,890,1.0,3707,2012-01-03,2026-09-30
POM,POM,1062,0.0,246,2025-10-08,2026-09-30
POOL,POOL,1431,1.0,3707,2012-01-03,2026-09-30
PPG,PPG,3707,1.0,3707,2012-01-03,2026-09-30
PPL,PPL,3707,1.0,3707,2012-01-03,2026-09-30
PRGO,PRGO,2444,1.0,3707,2012-01-03,2026-09-30
PRU,PRU,3707,1.0,3707,2012-01-03,2026-09-30
PSA,PSA,3707,1.0,3707,2012-01-03,2026-09-30
PSKY,PSKY,288,1.0,3707,2012-01-03,2026-09-30
PSX,PSX,3625,1.0,3638,2012-04-12,2026-09-30
PTC,PTC,1369,1.0,3707,2012-01-03,2026-09-30
PVH,PVH,2415,1.0,3707,2012-01-03,2026-09-30
PWR,PWR,3707,1.0,3707,2012-01-03,2026-09-30
PX,,1719,0.0,0,,
PXD,,3106,0.0,0,,
PYPL,PYPL,2817,1.0,2827,2015-07-06,2026-09-30
Q,Q,228,1.0,233,2025-10-27,2026-09-30
QCOM,QCOM,3707,1.0,3707,2012-01-03,2026-09-30
QEP,,878,0.0,0,,
QRVO,QRVO,2399,1.0,2953,2015-01-02,2026-09-30
R,R,1373,1.0,3707,2012-01-03,2026-09-30
RAI,,1398,0.0,0,,
RCL,RCL,2971,1.0,3707,2012-01-03,2026-09-30
RDC,,660,0.0,0,,
RDDT,RDDT,31,1.0,634,2024-03-21,2026-09-30
RE,EG,1523,1.0,3707,2012-01-03,2026-09-30
REG,REG,2409,1.0,3707,2012-01-03,2026-09-30
REGN,REGN,3375,1.0,3707,2012-01-03,2026-09-30
RF,RF,3707,1.0,3707,2012-01-03,2026-09-30
RHI,RHI,3137,1.0,3707,2012-01-03,2026-09-30
RHT,,1893,0.0,0,,
RIG,RIG,941,1.0,3707,2012-01-03,2026-09-30
RJF,RJF,2397,1.0,3707,2012-01-03,2026-09-30
RL,RL,3707,1.0,3707,2012-01-03,2026-09-30
RMD,RMD,2308,1.0,3707,2012-01-03,2026-09-30
ROK,ROK,3707,1.0,3707,2012-01-03,2026-09-30
ROL,ROL,2010,1.0,3707,2012-01-03,2026-09-30
ROP,ROP,3707,1.0,3707,2012-01-03,2026-09-30
ROST,ROST,3707,1.0,3707,2012-01-03,2026-09-30
RRC,RRC,1624,1.0,3707,2012-01-03,2026-09-30
RRD,,237,0.0,0,,
RSG,RSG,3707,1.0,3707,2012-01-03,2026-09-30
RTN,,2077,0.0,0,,
RTX,RTX,1631,1.0,3707,2012-01-03,2026-09-30
RVTY,RVTY,847,1.0,3707,2012-01-03,2026-09-30
S,S,379,0.0,1319,2021-06-30,2026-09-30
SATS,,64,0.0,0,,
SBAC,SBAC,2281,1.0,3707,2012-01-03,2026-09-30
SBNY,SBNY,309,0.0,532,2024-08-15,2026-09-29
SBUX,SBUX,3707,1.0,3707,2012-01-03,2026-09-30
SCG,,1760,0.0,0,,
SCHW,SCHW,3707,1.0,3707,2012-01-03,2026-09-30
SE,SE,1295,0.0,2247,2017-10-20,2026-09-30
SEDG,SEDG,501,1.0,2896,2015-03-26,2026-09-30
SEE,,3009,0.0,0,,
SHLD,SHLD,170,0.0,764,2023-09-14,2026-09-30
SHW,SHW,3707,1.0,3707,2012-01-03,2026-09-30
SIAL,,976,0.0,0,,
SIG,SIG,664,1.0,3707,2012-01-03,2026-09-30
SIVB,,1256,0.0,0,,
SJM,SJM,3707,1.0,3707,2012-01-03,2026-09-30
SLB,SLB,3707,1.0,3707,2012-01-03,2026-09-30
SLG,SLG,1510,1.0,3707,2012-01-03,2026-09-30
SLM,SLM,584,1.0,3707,2012-01-03,2026-09-30
SMCI,SMCI,637,1.0,3707,2012-01-03,2026-09-30
SNA,SNA,3707,1.0,3707,2012-01-03,2026-09-30
SNDK,SNDK,1306,0.16079632465543645,409,2025-02-13,2026-09-30
SNI,,1553,0.0,0,,
SNPS,SNPS,2399,1.0,3707,2012-01-03,2026-09-30
SO,SO,3707,1.0,3707,2012-01-03,2026-09-30
SOLS,SOLS,36,1.0,238,2025-10-20,2026-09-30
SOLV,SOLV,628,1.0,631,2024-03-26,2026-09-30
SPG,SPG,3707,1.0,3707,2012-01-03,2026-09-30
SPGI,SPGI,3707,1.0,3707,2012-01-03,2026-09-30
SPLS,SPLS,1433,0.0,177,2026-01-16,2026-09-30
SRCL,,1741,0.0,0,,
SRE,SRE,3707,1.0,3707,2012-01-03,2026-09-30
STE,STE,1701,1.0,3707,2012-01-03,2026-09-30
STI,STI,1996,0.0,1108,2022-05-02,2026-09-30
STJ,,1260,0.0,0,,
STLD,STLD,945,1.0,3707,2012-01-03,2026-09-30
STT,STT,3707,1.0,3707,2012-01-03,2026-09-30
STX,STX,3582,1.0,3707,2012-01-03,2026-09-30
STZ,STZ,3707,1.0,3707,2012-01-03,2026-09-30
SUN,SUN,192,0.057291666666666664,3526,2012-09-20,2026-09-30
SVU,,82,0.0,0,,
SW,SW,561,1.0,3707,2012-01-03,2026-09-30
SWK,SWK,3707,1.0,3707,2012-01-03,2026-09-30
SWKS,SWKS,2906,1.0,3707,2012-01-03,2026-09-30
SWN,,1321,0.0,0,,
SWY,,770,0.0,0,,
SYF,SYF,2731,1.0,3060,2014-07-31,2026-09-30
SYK,SYK,3707,1.0,3707,2012-01-03,2026-09-30
SYMC,GEN,1973,1.0,3707,2012-01-03,2026-09-30
SYY,SYY,3707,1.0,3707,2012-01-03,2026-09-30
T,T,3707,1.0,3707,2012-01-03,2026-09-30
TAP,TAP,3707,1.0,3707,2012-01-03,2026-09-30
TDC,TDC,1373,1.0,3707,2012-01-03,2026-09-30
TDG,TDG,2596,1.0,3707,2012-01-03,2026-09-30
TDY,TDY,1577,1.0,3707,2012-01-03,2026-09-30
TE,TE,1131,0.0,1689,2020-01-10,2026-09-30
TECH,TECH,1277,1.0,3707,2012-01-03,2026-09-30
TEG,,877,0.0,0,,
TEL,TEL,3707,1.0,3707,2012-01-03,2026-09-30
TER,TER,2010,1.0,3707,2012-01-03,2026-09-30
TFC,TFC,1711,1.0,3707,2012-01-03,2026-09-30
TFX,TFX,1552,1.0,3707,2012-01-03,2026-09-30
TGNA,,1362,0.0,0,,
TGT,TGT,3707,1.0,3707,2012-01-03,2026-09-30
THC,THC,1078,1.0,3707,2012-01-03,2026-09-30
TIE,,245,0.0,0,,
TIF,,2268,0.0,0,,
TJX,TJX,3707,1.0,3707,2012-01-03,2026-09-30
TKO,TKO,383,1.0,3707,2012-01-03,2026-09-30
TMK,,1911,0.0,0,,
TMO,TMO,3707,1.0,3707,2012-01-03,2026-09-30
TMUS,TMUS,2146,1.0,3707,2012-01-03,2026-09-30
TPL,TPL,461,1.0,3707,2012-01-03,2026-09-30
TPR,TPR,3707,1.0,3707,2012-01-03,2026-09-30
TRGP,TRGP,995,1.0,3707,2012-01-03,2026-09-30
TRIP,TRIP,2006,1.0,3707,2012-01-03,2026-09-30
TRMB,TRMB,1430,1.0,3707,2012-01-03,2026-09-30
TROW,TROW,3707,1.0,3707,2012-01-03,2026-09-30
TRV,TRV,3707,1.0,3707,2012-01-03,2026-09-30
TSCO,TSCO,3190,1.0,3707,2012-01-03,2026-09-30
TSLA,TSLA,1450,1.0,3707,2012-01-03,2026-09-30
TSN,TSN,3707,1.0,3707,2012-01-03,2026-09-30
TSS,,1942,0.0,0,,
TT,TT,1654,1.0,3707,2012-01-03,2026-09-30
TTD,TTD,303,1.0,2520,2016-09-21,2026-09-30
TTWO,TTWO,2146,1.0,3707,2012-01-03,2026-09-30
TWC,,1100,0.0,0,,
TWTR,,1109,0.0,0,,
TWX,,1623,0.0,0,,
TXN,TXN,3707,1.0,3707,2012-01-03,2026-09-30
TXT,TXT,3707,1.0,3707,2012-01-03,2026-09-30
TYL,TYL,1577,1.0,3707,2012-01-03,2026-09-30
UA,UA,1561,1.0,2646,2016-03-23,2026-09-30
UAA,UAA,2049,1.0,3707,2012-01-03,2026-09-30
UAL,UAL,2784,1.0,3707,2012-01-03,2026-09-30
UBER,UBER,698,1.0,1858,2019-05-10,2026-09-30
UDR,UDR,2658,1.0,3707,2012-01-03,2026-09-30
UHS,UHS,3024,1.0,3707,2012-01-03,2026-09-30
ULTA,ULTA,2629,1.0,3707,2012-01-03,2026-09-30
UNH,UNH,3707,1.0,3707,2012-01-03,2026-09-30
UNM,UNM,2444,1.0,3707,2012-01-03,2026-09-30
UNP,UNP,3707,1.0,3707,2012-01-03,2026-09-30
UPS,UPS,3707,1.0,3707,2012-01-03,2026-09-30
URBN,URBN,1310,1.0,3707,2012-01-03,2026-09-30
URI,URI,3024,1.0,3707,2012-01-03,2026-09-30
USB,USB,3707,1.0,3707,2012-01-03,2026-09-30
UTX,RTX,2076,1.0,3707,2012-01-03,2026-09-30
V,V,3707,1.0,3707,2012-01-03,2026-09-30
VAR,,2338,0.0,0,,
VEEV,VEEV,101,1.0,3258,2013-10-16,2026-09-30
VFC,VFC,3079,1.0,3707,2012-01-03,2026-09-30
VIAB,,1994,0.0,0,,
VIAC,,555,0.0,0,,
VIAV,VIAV,496,1.0,3707,2012-01-03,2026-09-30
VICI,VICI,1082,1.0,2198,2018-01-02,2026-09-30
VLO,VLO,3707,1.0,3707,2012-01-03,2026-09-30
VLTO,VLTO,752,0.9973404255319149,750,2023-10-04,2026-09-30
VMC,VMC,3707,1.0,3707,2012-01-03,2026-09-30
VMRK,VMRK,31,1.0,3707,2012-01-03,2026-09-30
VNO,VNO,2769,1.0,3707,2012-01-03,2026-09-30
VNT,VNT,110,1.0,1511,2020-09-24,2026-09-30
VRSK,VRSK,2760,1.0,3707,2012-01-03,2026-09-30
VRSN,VRSN,3707,1.0,3707,2012-01-03,2026-09-30
VRT,VRT,133,1.0,2051,2018-08-02,2026-09-30
VRTX,VRTX,3275,1.0,3707,2012-01-03,2026-09-30
VST,VST,601,1.0,2510,2016-10-05,2026-09-30
VTR,VTR,3707,1.0,3707,2012-01-03,2026-09-30
VTRS,VTRS,1473,1.0,3707,2012-01-03,2026-09-30
VZ,VZ,3707,1.0,3707,2012-01-03,2026-09-30
WAB,WAB,1909,1.0,3707,2012-01-03,2026-09-30
WAT,WAT,3707,1.0,3707,2012-01-03,2026-09-30
WBA,,3433,0.0,0,,
WBD,WBD,1122,1.0,3707,2012-01-03,2026-09-30
WCG,,342,0.0,0,,
WDAY,WDAY,443,1.0,3510,2012-10-12,2026-09-30
WDC,WDC,3707,1.0,3707,2012-01-03,2026-09-30
WEC,WEC,3707,1.0,3707,2012-01-03,2026-09-30
WELL,WELL,3707,1.0,3707,2012-01-03,2026-09-30
WFC,WFC,3707,1.0,3707,2012-01-03,2026-09-30
WFM,,1422,0.0,0,,
WHR,WHR,3070,1.0,3707,2012-01-03,2026-09-30
WIN,,818,0.0,0,,
WLTW,WTW,1515,1.0,3707,2012-01-03,2026-09-30
WM,WM,3707,1.0,3707,2012-01-03,2026-09-30
WMB,WMB,3707,1.0,3707,2012-01-03,2026-09-30
WMT,WMT,3707,1.0,3707,2012-01-03,2026-09-30
WPX,,557,0.0,0,,
WRB,WRB,1713,1.0,3707,2012-01-03,2026-09-30
WRK,,2267,0.0,0,,
WSM,WSM,383,1.0,3707,2012-01-03,2026-09-30
WST,WST,1597,1.0,3707,2012-01-03,2026-09-30
WTW,WTW,1185,1.0,3707,2012-01-03,2026-09-30
WU,WU,2508,1.0,3707,2012-01-03,2026-09-30
WY,WY,3707,1.0,3707,2012-01-03,2026-09-30
WYND,,1612,0.0,0,,
WYNN,WYNN,3707,1.0,3707,2012-01-03,2026-09-30
X,,627,0.0,0,,
XEC,,1434,0.0,0,,
XEL,XEL,3707,1.0,3707,2012-01-03,2026-09-30
XL,,1684,0.0,0,,
XLNX,,2547,0.0,0,,
XOM,XOM,3707,1.0,3707,2012-01-03,2026-09-30
XRAY,XRAY,3080,1.0,3707,2012-01-03,2026-09-30
XRX,XRX,2318,1.0,3707,2012-01-03,2026-09-30
XYL,XYL,3707,1.0,3707,2012-01-03,2026-09-30
XYZ,XYZ,300,1.0,2730,2015-11-19,2026-09-30
YUM,YUM,3707,1.0,3707,2012-01-03,2026-09-30
ZBH,ZBH,3707,1.0,3707,2012-01-03,2026-09-30
ZBRA,ZBRA,1701,1.0,3707,2012-01-03,2026-09-30
ZION,ZION,3070,1.0,3707,2012-01-03,2026-09-30
ZTS,ZTS,3338,1.0,3436,2013-02-01,2026-09-30
