window,test_year,trial,state,value,lookback,threshold,alpha,z_window,entry_z,exit_z,max_hold,stop_k,n_trades,cagr,max_drawdown,sharpe_raw
0,2019,0,COMPLETE,-0.5733926474141214,252,0.6,1.0,60,1.75,0.0,5,5.0,2338.0,-0.038689382235856606,-0.1904497158878793,-0.5733926474141214
0,2019,1,COMPLETE,-1.2016604559324287,252,0.5,0.25,120,2.75,0.25,5,2.5,2184.0,-0.07167956920035545,-0.2320418549148605,-1.2016604559324287
0,2019,2,COMPLETE,-1.71084657397037,126,0.45,0.5,40,2.5,0.0,10,3.0,2320.0,-0.11026315854768931,-0.3455404927327105,-1.71084657397037
0,2019,3,COMPLETE,-1.5218565883174016,252,0.55,0.25,60,2.5,0.0,15,2.5,2293.0,-0.09369698904812263,-0.28896835928244746,-1.5218565883174016
0,2019,4,COMPLETE,-0.3342402653727708,126,0.6,2.0,120,2.0,0.0,15,3.5,2330.0,-0.02417864924636659,-0.1444287992502531,-0.3342402653727708
0,2019,5,COMPLETE,-1.090183760248212,126,0.45,0.25,120,1.75,0.75,10,3.5,2895.0,-0.07107364764808821,-0.24018374684818422,-1.090183760248212
0,2019,6,COMPLETE,-1.1352417202375877,252,0.35,2.0,120,3.0,1.0,15,5.0,2112.0,-0.06750209072970803,-0.2540396731386829,-1.1352417202375877
0,2019,7,COMPLETE,-0.5046980255919064,126,0.35,0.25,40,2.0,0.25,20,3.0,2669.0,-0.03529366826254454,-0.18621658207344927,-0.5046980255919064
0,2019,8,COMPLETE,-1.2438978216363525,126,0.45,0.25,120,1.5,1.0,20,2.5,3098.0,-0.07766755779328194,-0.2556003109782723,-1.2438978216363525
0,2019,9,COMPLETE,-1.313348257246846,126,0.55,1.0,120,2.75,0.0,10,2.0,2107.0,-0.07895595716978177,-0.25400575954356197,-1.313348257246846
0,2019,10,COMPLETE,-0.6398666229541516,504,0.5,0.5,40,2.0,0.25,15,4.0,2618.0,-0.04265060942088994,-0.1788734584816668,-0.6398666229541516
0,2019,11,COMPLETE,-0.7789988340245166,504,0.45,0.25,120,2.75,0.5,20,3.5,2273.0,-0.050351997974578344,-0.17874086517859322,-0.7789988340245166
0,2019,12,PRUNED,-2.0788051622006383,126,0.3,0.5,120,2.0,0.0,20,2.5,,,,
0,2019,13,PRUNED,-1.3405834938883772,126,0.55,2.0,60,1.75,0.25,20,3.0,,,,
0,2019,14,PRUNED,-2.1491899273115447,126,0.3,0.25,40,2.25,0.25,20,2.5,,,,
0,2019,15,PRUNED,-1.7434040783483629,252,0.4,0.5,60,2.0,0.0,20,3.5,,,,
0,2019,16,PRUNED,-1.9344435417337935,126,0.3,2.0,60,2.0,0.0,15,3.0,,,,
0,2019,17,PRUNED,-1.7258868367355649,126,0.45,1.0,40,2.25,0.5,20,3.0,,,,
0,2019,18,PRUNED,-2.925805327240796,126,0.45,2.0,120,2.25,0.0,10,2.5,,,,
0,2019,19,PRUNED,-1.1820891467304584,126,0.35,1.0,40,2.25,0.5,20,2.5,,,,
0,2019,20,PRUNED,-1.9682454178988398,126,0.5,0.5,60,2.25,0.0,20,3.5,,,,
0,2019,21,COMPLETE,-0.40130666239361856,126,0.6,1.0,120,2.0,0.0,15,2.5,2394.0,-0.027901571188466034,-0.14639588161786665,-0.40130666239361856
0,2019,22,COMPLETE,-0.6844948518828958,126,0.6,1.0,120,1.75,0.25,10,3.5,2609.0,-0.043872040397314405,-0.17676443948233977,-0.6844948518828958
0,2019,23,COMPLETE,-0.7515511447581246,126,0.6,0.25,120,2.0,0.0,15,3.0,2352.0,-0.04804850705671515,-0.18942433702139883,-0.7515511447581246
0,2019,24,PRUNED,-1.5658484465019684,126,0.55,2.0,40,2.0,0.0,15,4.0,,,,
0,2019,25,PRUNED,-1.8552660789359827,126,0.6,2.0,120,2.5,0.0,15,2.5,,,,
0,2019,26,PRUNED,-1.4145636956574086,252,0.6,1.0,120,2.25,0.0,15,3.0,,,,
0,2019,27,COMPLETE,-0.7388113490942106,126,0.55,1.0,120,1.5,0.0,15,2.0,2503.0,-0.04955800319857351,-0.20726400590478267,-0.7388113490942106
0,2019,28,PRUNED,-1.59689563470006,252,0.6,2.0,120,2.0,0.0,15,3.5,,,,
0,2019,29,PRUNED,-1.4989903136339995,126,0.55,2.0,60,2.0,0.0,15,2.5,,,,
0,2019,30,PRUNED,-1.7292203496711729,126,0.55,1.0,120,2.5,0.25,15,3.0,,,,
0,2019,31,PRUNED,-1.635668691698421,126,0.55,1.0,120,2.0,0.0,5,2.5,,,,
1,2020,0,COMPLETE,-0.7009316177933832,126,0.5,0.25,40,2.0,1.0,15,3.5,3160.0,-0.04695310913453299,-0.1747488149775741,-0.7009316177933832
1,2020,1,COMPLETE,-0.6940656521100034,126,0.55,0.5,120,1.75,0.0,20,2.5,2539.0,-0.048512040183008254,-0.17451523838885175,-0.6940656521100034
1,2020,2,COMPLETE,-0.7115409033522485,252,0.4,0.25,120,2.75,1.0,10,5.0,2488.0,-0.048770236859688065,-0.20725747598955124,-0.7115409033522485
1,2020,3,COMPLETE,-0.6778912522777689,252,0.5,0.25,120,2.0,0.25,5,3.5,2644.0,-0.047525397338862074,-0.1870406956685705,-0.6778912522777689
1,2020,4,COMPLETE,-1.531470902006069,252,0.5,2.0,120,3.0,0.5,5,2.5,2173.0,-0.09712727525120046,-0.29876109832713094,-1.531470902006069
1,2020,5,COMPLETE,-0.983164026177304,504,0.4,2.0,120,2.5,0.25,20,2.5,2421.0,-0.06770399233785529,-0.22786745000872854,-0.983164026177304
1,2020,6,COMPLETE,-0.9461251448907542,252,0.6,1.0,60,2.25,0.5,15,3.0,2804.0,-0.06063065619705299,-0.23857128722759458,-0.9461251448907542
1,2020,7,COMPLETE,-0.5256256437227236,504,0.5,1.0,60,1.75,0.0,20,3.0,2521.0,-0.03741850776885525,-0.20138805838788398,-0.5256256437227236
1,2020,8,COMPLETE,-1.0719609759482154,252,0.4,0.25,60,2.0,0.25,15,2.5,2780.0,-0.07463508972608812,-0.23566201946407928,-1.0719609759482154
1,2020,9,COMPLETE,-1.5632539036262132,504,0.55,1.0,40,3.0,0.5,20,2.5,2430.0,-0.09713421169112924,-0.32175188643325603,-1.5632539036262132
1,2020,10,COMPLETE,-0.8492965723320874,252,0.6,2.0,40,2.25,0.25,5,3.5,2682.0,-0.05681984812295482,-0.23049299201311346,-0.8492965723320874
1,2020,11,COMPLETE,-0.9798558422073536,126,0.5,2.0,120,3.0,0.75,5,3.5,2209.0,-0.06633938551271168,-0.22887818436074536,-0.9798558422073536
1,2020,12,COMPLETE,-0.2784159831008132,504,0.5,2.0,60,2.0,0.0,15,4.0,2440.0,-0.021546011026422063,-0.1689141407610626,-0.2784159831008132
1,2020,13,COMPLETE,-0.4423447161573288,504,0.4,1.0,60,2.0,0.0,15,4.0,2431.0,-0.03476319399779826,-0.16936295232276077,-0.4423447161573288
1,2020,14,COMPLETE,-0.5168874686799372,504,0.4,1.0,60,1.5,0.25,15,4.5,2700.0,-0.03893377372970608,-0.19929988324100667,-0.5168874686799372
1,2020,15,COMPLETE,-0.056673747476470124,504,0.55,2.0,40,1.5,0.0,20,5.0,2466.0,-0.005957719670857009,-0.10404838535417882,-0.056673747476470124
1,2020,16,PRUNED,-1.9349756886933955,504,0.55,2.0,60,1.5,0.5,20,4.0,,,,
1,2020,17,PRUNED,-0.6606752549707398,504,0.55,2.0,40,2.0,0.25,15,5.0,,,,
1,2020,18,PRUNED,-1.3364284845930172,504,0.6,2.0,40,1.5,0.0,20,5.0,,,,
1,2020,19,COMPLETE,-0.03698552914574398,504,0.45,2.0,40,1.75,0.0,20,5.0,2450.0,-0.005082356786055842,-0.12129186311262874,-0.03698552914574398
1,2020,20,COMPLETE,-0.3375492264535658,504,0.5,1.0,40,1.5,0.0,20,5.0,2471.0,-0.024933728471776884,-0.1926078999501365,-0.3375492264535658
1,2020,21,COMPLETE,-0.4694092505357608,504,0.5,1.0,40,2.0,0.0,15,4.0,2480.0,-0.03301598818591889,-0.188872856444545,-0.4694092505357608
1,2020,22,COMPLETE,-0.008193023497714681,252,0.4,2.0,40,1.5,0.0,20,4.5,2470.0,-0.003395396146004148,-0.15382466574009424,-0.008193023497714681
1,2020,23,COMPLETE,0.029532589338740582,504,0.4,1.0,40,2.0,0.0,20,5.0,2424.0,-0.0004875532715666875,-0.12063140754313961,0.029532589338740582
1,2020,24,COMPLETE,-0.23898367013023275,252,0.35,2.0,40,1.5,0.0,15,5.0,2467.0,-0.020207190462815272,-0.15431278303625873,-0.23898367013023275
1,2020,25,COMPLETE,-0.48232811301288914,252,0.35,1.0,40,1.75,0.0,20,4.5,2464.0,-0.03831553025188128,-0.20355050919768702,-0.48232811301288914
1,2020,26,PRUNED,-0.9558980097110786,126,0.45,2.0,40,1.75,0.25,20,4.5,,,,
1,2020,27,COMPLETE,-0.36755251217391094,504,0.3,1.0,40,2.0,0.0,20,4.5,2468.0,-0.028507454462998405,-0.18297523739250932,-0.36755251217391094
1,2020,28,COMPLETE,0.20290046313159163,504,0.4,2.0,40,2.0,0.0,15,5.0,2415.0,0.012004423909812045,-0.11798371467605817,0.20290046313159163
1,2020,29,COMPLETE,0.0671271040244615,504,0.4,2.0,40,2.0,0.0,10,4.5,2434.0,0.0022551156337786704,-0.12218795980549291,0.0671271040244615
1,2020,30,COMPLETE,-0.2765899087676403,504,0.35,2.0,60,1.75,0.0,15,5.0,2426.0,-0.02356407520810222,-0.1626047596273169,-0.2765899087676403
1,2020,31,PRUNED,-0.691763488188283,504,0.35,2.0,40,1.75,0.25,15,5.0,,,,
2,2021,0,COMPLETE,-0.3737718271160371,504,0.3,1.0,60,2.0,0.75,10,3.0,2596.0,-0.030544467406668052,-0.1992171024733611,-0.3737718271160371
2,2021,1,COMPLETE,0.5034438784548958,252,0.5,2.0,60,2.0,0.0,5,5.0,2100.0,0.03742148602283413,-0.12071263132782106,0.5034438784548958
2,2021,2,COMPLETE,-0.1465598563618105,504,0.6,1.0,40,2.5,0.0,10,5.0,2011.0,-0.013632126395305755,-0.19711535576442674,-0.1465598563618105
2,2021,3,COMPLETE,-0.09542467788539981,126,0.5,2.0,40,2.25,0.0,5,2.0,2276.0,-0.009670382788684706,-0.18874851030803597,-0.09542467788539981
2,2021,4,COMPLETE,-0.2310517944663975,126,0.45,2.0,120,2.75,0.25,15,2.0,1885.0,-0.018522365504964555,-0.15690934614908225,-0.2310517944663975
2,2021,5,COMPLETE,-0.29847411173309585,504,0.3,2.0,120,2.75,0.75,15,5.0,1894.0,-0.023769763737285565,-0.15734807489470315,-0.29847411173309585
2,2021,6,COMPLETE,-0.4488153724580618,504,0.3,0.5,60,1.5,0.0,20,2.5,2318.0,-0.03847290889705268,-0.2450037103599645,-0.4488153724580618
2,2021,7,COMPLETE,0.1365067360978293,504,0.35,0.25,40,2.0,0.5,10,3.5,2546.0,0.00754560854247277,-0.14171586968155725,0.1365067360978293
2,2021,8,COMPLETE,0.07979292534569904,126,0.55,0.5,120,3.0,0.0,20,4.0,1584.0,0.003132863559703658,-0.14106124022909983,0.07979292534569904
2,2021,9,COMPLETE,0.24047925633497916,126,0.4,1.0,60,2.5,0.75,20,4.5,2314.0,0.015257241894928164,-0.12193043859247343,0.24047925633497916
2,2021,10,COMPLETE,0.19624027488301193,504,0.3,0.5,120,1.5,0.0,5,4.5,2121.0,0.012591817856275167,-0.17581342995556093,0.19624027488301193
2,2021,11,COMPLETE,-0.7417458937561829,126,0.45,1.0,120,2.0,1.0,10,3.5,2562.0,-0.056585817278270945,-0.20210612556782226,-0.7417458937561829
2,2021,12,COMPLETE,0.5045294286450202,252,0.55,2.0,60,1.75,0.0,5,4.5,2169.0,0.03618814274255899,-0.16003738502966247,0.5045294286450202
2,2021,13,PRUNED,-0.7385781049245203,252,0.45,2.0,60,1.75,0.0,5,5.0,,,,
2,2021,14,COMPLETE,0.3515368452339464,252,0.5,1.0,40,2.0,0.0,5,4.0,2169.0,0.024293171066319674,-0.13126469829548382,0.3515368452339464
2,2021,15,PRUNED,-0.490884796923339,126,0.55,1.0,60,1.5,0.25,5,3.5,,,,
2,2021,16,PRUNED,-0.9814039607491327,504,0.6,2.0,60,2.25,0.25,5,4.0,,,,
2,2021,17,PRUNED,-0.2335570488223444,252,0.55,2.0,120,2.25,0.25,5,4.5,,,,
2,2021,18,PRUNED,-1.401373361021821,504,0.5,1.0,60,2.25,0.25,10,5.0,,,,
2,2021,19,COMPLETE,-0.13989015537018176,252,0.6,2.0,120,1.75,0.25,5,4.5,2290.0,-0.013297012939791686,-0.15183394757178592,-0.13989015537018176
2,2021,20,PRUNED,-0.2023351947066214,252,0.45,2.0,40,1.5,0.0,10,5.0,,,,
2,2021,21,PRUNED,-0.46552225149930215,252,0.55,1.0,60,2.25,0.25,5,4.0,,,,
2,2021,22,COMPLETE,0.46019685679960787,252,0.5,2.0,40,1.5,0.0,5,4.0,2199.0,0.034338287965158365,-0.15117043478625936,0.46019685679960787
2,2021,23,COMPLETE,0.22967911155440202,252,0.5,2.0,60,1.75,0.25,5,4.0,2397.0,0.01484002072995061,-0.13763421279666987,0.22967911155440202
2,2021,24,COMPLETE,0.642360723260613,252,0.5,2.0,40,1.75,0.0,10,4.0,2188.0,0.04897288200742422,-0.13649556211835356,0.642360723260613
2,2021,25,COMPLETE,0.35368977722836276,252,0.6,2.0,60,2.25,0.0,5,5.0,2060.0,0.024168344770560957,-0.14732862880456687,0.35368977722836276
2,2021,26,PRUNED,-0.30233974574582984,252,0.45,2.0,120,2.25,0.0,5,5.0,,,,
2,2021,27,COMPLETE,0.3272204446305737,252,0.5,1.0,60,2.0,0.0,5,5.0,2117.0,0.023179672702325682,-0.14302149164216083,0.3272204446305737
2,2021,28,PRUNED,0.038164059746257556,252,0.45,2.0,120,2.0,0.0,10,4.5,,,,
2,2021,29,PRUNED,-0.23995924265756755,252,0.45,2.0,40,1.75,0.0,10,3.0,,,,
2,2021,30,PRUNED,-0.25918289944344775,252,0.55,2.0,40,1.75,0.0,10,5.0,,,,
2,2021,31,COMPLETE,0.5813449614695543,252,0.5,2.0,60,1.75,0.0,10,3.5,2203.0,0.04300048398794587,-0.1561143714719473,0.5813449614695543
3,2022,0,COMPLETE,-0.9093013743333044,504,0.45,0.5,40,2.25,0.5,5,2.5,2629.0,-0.07756596490747247,-0.2799426233366501,-0.9093013743333044
3,2022,1,COMPLETE,-0.48049541147043784,126,0.5,2.0,60,3.0,0.5,15,2.5,1940.0,-0.036162782228061574,-0.14997753926875146,-0.48049541147043784
3,2022,2,COMPLETE,-0.48974923122795694,504,0.5,0.5,40,2.25,0.0,5,3.5,2238.0,-0.04327716147907579,-0.2125308056676638,-0.48974923122795694
3,2022,3,COMPLETE,-1.1264269234526014,126,0.4,2.0,40,3.0,0.25,15,2.0,2046.0,-0.0864578125353318,-0.27738945938549164,-1.1264269234526014
3,2022,4,COMPLETE,-0.7604179846260933,252,0.4,2.0,40,2.25,0.5,10,2.0,2671.0,-0.06582620182373622,-0.23314588589658392,-0.7604179846260933
3,2022,5,COMPLETE,-0.8284659236668929,504,0.4,2.0,60,1.5,1.0,15,2.0,3052.0,-0.07313313984574576,-0.2626505379284223,-0.8284659236668929
3,2022,6,COMPLETE,-1.2895743015949135,504,0.3,0.25,40,3.0,0.75,10,2.5,2115.0,-0.09826491338403665,-0.29970415987278054,-1.2895743015949135
3,2022,7,COMPLETE,-0.53296449516016,504,0.5,0.5,40,2.25,0.25,10,4.0,2385.0,-0.04628808281524699,-0.17544526321167653,-0.53296449516016
3,2022,8,COMPLETE,-0.19112784465772117,504,0.45,0.25,40,1.5,0.0,10,5.0,2289.0,-0.021061661227667616,-0.19821227900513871,-0.19112784465772117
3,2022,9,COMPLETE,-0.8593268447300398,504,0.35,0.5,60,3.0,0.75,5,2.5,1961.0,-0.06436828989220233,-0.21161874749748633,-0.8593268447300398
3,2022,10,COMPLETE,-0.7028690828493193,126,0.45,2.0,60,3.0,0.75,20,4.5,1922.0,-0.05319983040015741,-0.2012372080743684,-0.7028690828493193
3,2022,11,COMPLETE,-1.2310403032152566,126,0.6,1.0,40,2.5,0.75,5,5.0,2538.0,-0.09838990781309076,-0.288553179693698,-1.2310403032152566
3,2022,12,PRUNED,-1.5327161694513587,252,0.4,0.5,60,1.5,0.0,10,4.0,,,,
3,2022,13,COMPLETE,0.07006894740716914,252,0.5,2.0,40,2.0,0.25,15,5.0,2455.0,0.002335648894661757,-0.10195721548221981,0.07006894740716914
3,2022,14,COMPLETE,-0.0952018933360702,252,0.5,2.0,40,2.25,0.0,15,5.0,2171.0,-0.011713088565178498,-0.14904456889716056,-0.0952018933360702
3,2022,15,PRUNED,-1.6206136127980655,252,0.6,2.0,40,2.0,0.0,15,4.5,,,,
3,2022,16,COMPLETE,-0.208437109383686,252,0.45,2.0,40,2.0,0.5,15,5.0,2616.0,-0.022033166159049822,-0.17080206193200909,-0.208437109383686
3,2022,17,PRUNED,-1.58018685017799,252,0.45,2.0,60,2.5,0.0,15,4.5,,,,
3,2022,18,COMPLETE,-0.41111852619418526,126,0.55,2.0,40,1.75,0.5,10,5.0,2669.0,-0.03773626232136251,-0.2566922113909318,-0.41111852619418526
3,2022,19,COMPLETE,-0.11036056535899957,126,0.45,2.0,40,2.0,0.0,15,4.0,2270.0,-0.013391881740949407,-0.1526776881805182,-0.11036056535899957
3,2022,20,COMPLETE,0.2855471977596525,252,0.5,1.0,60,2.0,0.25,15,4.5,2411.0,0.020325454505607743,-0.10831253192077284,0.2855471977596525
3,2022,21,COMPLETE,-0.04248316360472256,126,0.55,1.0,40,2.0,0.0,20,5.0,2245.0,-0.007614045232242073,-0.2023366746970341,-0.04248316360472256
3,2022,22,COMPLETE,-0.09752972539603531,252,0.5,1.0,120,2.0,0.25,15,5.0,2301.0,-0.012650728113938303,-0.1326988564127093,-0.09752972539603531
3,2022,23,COMPLETE,-0.12518338848056468,252,0.45,2.0,60,2.0,0.5,15,4.0,2587.0,-0.014196803416109627,-0.14159576104387817,-0.12518338848056468
3,2022,24,COMPLETE,-0.07940204757994247,126,0.55,1.0,40,2.0,0.25,20,5.0,2467.0,-0.010430686874115414,-0.16149369554953308,-0.07940204757994247
3,2022,25,COMPLETE,0.04659766214035291,252,0.5,0.5,60,1.75,0.0,20,4.5,2261.0,0.0003415004933611243,-0.1516337579325009,0.04659766214035291
3,2022,26,COMPLETE,0.21772268657330907,252,0.5,0.5,120,1.75,0.0,15,4.5,2182.0,0.015240869650065436,-0.12688319436261208,0.21772268657330907
3,2022,27,PRUNED,-1.584109332430797,252,0.5,1.0,120,1.5,0.0,15,4.5,,,,
3,2022,28,COMPLETE,-0.06058566430222222,126,0.55,1.0,60,2.0,0.25,15,5.0,2428.0,-0.009028520461803358,-0.15451802010873106,-0.06058566430222222
3,2022,29,PRUNED,0.21989663295667175,252,0.45,0.5,120,1.5,0.25,15,4.5,,,,
3,2022,30,PRUNED,0.23239995059995353,252,0.45,0.5,60,2.0,0.0,10,4.0,,,,
3,2022,31,PRUNED,-1.1755822187332412,252,0.5,0.5,120,2.0,0.0,20,4.5,,,,
4,2023,0,COMPLETE,-0.34163945678104707,504,0.5,0.25,120,2.0,1.0,5,3.5,1926.0,-0.030454235093203774,-0.14941248862116718,-0.34163945678104707
4,2023,1,COMPLETE,-0.3401035774587305,504,0.45,1.0,40,2.0,0.75,20,3.0,2035.0,-0.030259849613198275,-0.18805991223737695,-0.3401035774587305
4,2023,2,COMPLETE,-0.3807245037575502,126,0.55,0.5,60,1.5,0.25,5,3.0,1900.0,-0.03276756923593005,-0.2152381319415141,-0.3807245037575502
4,2023,3,COMPLETE,-0.43791705227603084,126,0.6,0.5,40,1.75,0.5,5,3.0,2015.0,-0.03547068374846496,-0.22674788702373494,-0.43791705227603084
4,2023,4,COMPLETE,0.18689034304126856,126,0.6,1.0,120,1.5,0.0,15,5.0,1646.0,0.011769948072231529,-0.14302982587341617,0.18689034304126856
4,2023,5,COMPLETE,-0.20657467499443913,126,0.6,0.25,120,1.5,0.25,5,2.5,1908.0,-0.019190256704231023,-0.1610633266222744,-0.20657467499443913
4,2023,6,COMPLETE,-0.11122591139188162,126,0.45,0.25,120,1.5,0.0,10,2.5,1758.0,-0.012737743816536251,-0.18511262701180142,-0.11122591139188162
4,2023,7,COMPLETE,-0.3624922490922596,504,0.3,0.25,120,1.75,1.0,15,3.0,2061.0,-0.03424782246064084,-0.15768160989154678,-0.3624922490922596
4,2023,8,COMPLETE,-0.24370897811528067,126,0.45,2.0,60,2.0,1.0,15,3.5,2029.0,-0.02103864623740226,-0.1599161058063786,-0.24370897811528067
4,2023,9,COMPLETE,-0.17793743246347754,126,0.5,1.0,60,2.5,0.25,15,2.0,1695.0,-0.016483245383040357,-0.1638843383209978,-0.17793743246347754
4,2023,10,COMPLETE,-0.6009386907462837,252,0.5,2.0,60,2.5,0.5,10,2.0,1753.0,-0.045575170123470565,-0.21131814956186756,-0.6009386907462837
4,2023,11,COMPLETE,-0.5237414052801411,504,0.35,0.25,40,2.5,0.0,5,4.0,1515.0,-0.04345561271295606,-0.24082023710137013,-0.5237414052801411
4,2023,12,COMPLETE,0.2851777964530069,126,0.5,1.0,120,1.5,0.0,15,4.0,1661.0,0.02039101367434104,-0.13780692916491055,0.2851777964530069
4,2023,13,COMPLETE,0.25123518166998665,126,0.45,1.0,120,1.5,0.0,15,4.5,1641.0,0.017462011517115128,-0.17937766333829896,0.25123518166998665
4,2023,14,COMPLETE,-0.048094862313684095,126,0.4,1.0,60,1.5,0.25,20,4.0,1855.0,-0.007082100519850365,-0.17078581536169657,-0.048094862313684095
4,2023,15,COMPLETE,0.17376368555654698,126,0.5,1.0,120,2.0,0.0,15,5.0,1543.0,0.01101700019647378,-0.14492754040781208,0.17376368555654698
4,2023,16,PRUNED,0.6467781896471158,126,0.45,1.0,120,1.5,0.5,15,4.0,,,,
4,2023,17,COMPLETE,-0.06129794027840052,126,0.4,1.0,60,1.5,0.0,10,4.0,1683.0,-0.007970871034884364,-0.18759954306836546,-0.06129794027840052
4,2023,18,COMPLETE,0.32152837071086693,126,0.4,0.5,120,2.0,0.0,10,4.0,1561.0,0.022918777115125133,-0.14097148153584704,0.32152837071086693
4,2023,19,PRUNED,1.2490347176361374,126,0.6,2.0,60,1.5,0.25,15,4.0,,,,
4,2023,20,PRUNED,1.2608721465013801,126,0.4,0.5,120,2.5,0.0,10,4.0,,,,
4,2023,21,PRUNED,1.3638364303406656,126,0.35,0.5,120,1.75,0.0,15,3.5,,,,
4,2023,22,PRUNED,1.1366301668043304,126,0.55,1.0,120,2.0,0.25,10,4.0,,,,
4,2023,23,COMPLETE,0.09197409891546854,252,0.4,1.0,120,1.5,0.0,15,4.0,1653.0,0.00419130078089025,-0.17475514908122192,0.09197409891546854
4,2023,24,PRUNED,1.148481425754654,126,0.5,1.0,120,1.5,0.25,20,4.5,,,,
4,2023,25,PRUNED,1.335018197297764,252,0.45,2.0,120,1.5,0.0,15,3.0,,,,
4,2023,26,COMPLETE,0.25123518166998665,126,0.45,1.0,120,1.5,0.0,10,4.5,1641.0,0.017462011517115128,-0.17937766333829896,0.25123518166998665
4,2023,27,COMPLETE,0.17630280617114938,126,0.4,0.5,120,1.75,0.0,5,4.0,1626.0,0.011181856164206305,-0.1564751593781729,0.17630280617114938
4,2023,28,COMPLETE,0.1505433997598171,126,0.55,1.0,120,1.75,0.0,20,3.5,1661.0,0.009113634641021662,-0.13152950009448083,0.1505433997598171
4,2023,29,COMPLETE,0.2686775370920959,252,0.5,1.0,120,1.5,0.0,10,3.5,1691.0,0.01827990341500496,-0.1702826878143625,0.2686775370920959
4,2023,30,PRUNED,1.3658018077687977,252,0.55,1.0,120,2.0,0.0,10,3.5,,,,
4,2023,31,COMPLETE,0.4083542733800205,126,0.45,0.5,120,1.75,0.0,20,4.5,1598.0,0.03162018512744691,-0.14796939478300475,0.4083542733800205
5,2024,0,COMPLETE,-1.1450304918340883,126,0.6,1.0,60,2.5,0.75,15,3.0,2171.0,-0.0828240040360021,-0.25611594144788286,-1.1450304918340883
5,2024,1,COMPLETE,-0.17506795793547747,504,0.35,0.5,40,1.5,0.25,15,3.0,2205.0,-0.01740129623051212,-0.16267606155745185,-0.17506795793547747
5,2024,2,COMPLETE,-1.573093914970656,126,0.6,0.5,40,3.0,0.0,15,2.0,1793.0,-0.10499555076610534,-0.2887084384940125,-1.573093914970656
5,2024,3,COMPLETE,-0.7369072218686322,504,0.5,1.0,120,2.25,0.0,15,3.0,1798.0,-0.060643532848968285,-0.2219386478566483,-0.7369072218686322
5,2024,4,COMPLETE,-0.7118497458691232,126,0.6,1.0,120,2.75,0.25,10,3.5,1744.0,-0.05091063618070246,-0.18946187926710756,-0.7118497458691232
5,2024,5,COMPLETE,-0.156564773994568,252,0.35,0.25,60,1.5,0.25,10,5.0,2097.0,-0.017061996127524237,-0.1674281653432207,-0.156564773994568
5,2024,6,COMPLETE,-0.25187791317035296,126,0.45,1.0,40,1.75,0.5,5,3.5,2290.0,-0.021272895859790864,-0.16418371653228492,-0.25187791317035296
5,2024,7,COMPLETE,-0.8404787617695024,252,0.3,1.0,60,2.5,0.0,20,2.0,1900.0,-0.06601056193554755,-0.25433597283046105,-0.8404787617695024
5,2024,8,COMPLETE,-0.423443144930478,504,0.55,0.5,120,2.25,0.25,20,4.5,1914.0,-0.0377937886447256,-0.19057284515206752,-0.423443144930478
5,2024,9,COMPLETE,-0.5576038513576793,504,0.6,0.5,40,2.25,0.5,15,3.5,2171.0,-0.04379381654086456,-0.15221551768445263,-0.5576038513576793
5,2024,10,COMPLETE,-0.746470538834637,504,0.5,2.0,40,2.25,1.0,20,2.5,2391.0,-0.05752237533270077,-0.17795696744189293,-0.746470538834637
5,2024,11,COMPLETE,-0.387325675111258,252,0.45,1.0,60,2.25,0.5,10,4.5,2106.0,-0.033158546800182376,-0.16409858779902065,-0.387325675111258
5,2024,12,COMPLETE,0.062175523025204245,252,0.35,0.25,40,1.5,0.25,15,4.5,2141.0,0.00168933752655831,-0.1358717766737716,0.062175523025204245
5,2024,13,COMPLETE,-0.02756228326765197,252,0.3,0.25,60,1.5,0.25,10,3.5,2149.0,-0.005693437122091249,-0.1442124838060428,-0.02756228326765197
5,2024,14,COMPLETE,-0.04285992095350645,252,0.35,0.5,60,2.0,0.25,15,3.5,2091.0,-0.00686447239023491,-0.14809259037569078,-0.04285992095350645
5,2024,15,COMPLETE,-0.34157652261744126,504,0.45,0.25,40,1.5,0.5,15,5.0,2275.0,-0.030038128986450197,-0.18703216807453882,-0.34157652261744126
5,2024,16,COMPLETE,0.17722717665371843,252,0.4,0.25,40,1.75,0.25,5,3.5,2155.0,0.010873977732640316,-0.11138577451497012,0.17722717665371843
5,2024,17,COMPLETE,0.2387601872774496,252,0.4,0.25,40,1.75,0.25,20,5.0,2107.0,0.016525808068561743,-0.11434131635763789,0.2387601872774496
5,2024,18,COMPLETE,-0.020902329122361073,252,0.35,0.25,40,2.25,0.5,5,5.0,2157.0,-0.0049242323570648505,-0.14448062095070024,-0.020902329122361073
5,2024,19,COMPLETE,-0.25316124207646074,126,0.45,0.25,40,1.5,0.25,15,3.5,2173.0,-0.0232210718031296,-0.1239714314856647,-0.25316124207646074
5,2024,20,COMPLETE,0.196809146351962,252,0.4,0.5,40,2.0,0.25,20,2.5,2211.0,0.012299224501695072,-0.12956149576752474,0.196809146351962
5,2024,21,COMPLETE,-0.030687512232552377,252,0.35,1.0,40,1.75,0.25,15,3.0,2180.0,-0.005920418565618757,-0.13877255726795323,-0.030687512232552377
5,2024,22,PRUNED,-1.3495267076969442,252,0.35,0.25,40,2.0,0.0,20,4.0,,,,
5,2024,23,COMPLETE,0.07843761016569166,252,0.35,0.25,40,2.0,0.25,5,3.0,2163.0,0.003065872083390042,-0.12279621265205687,0.07843761016569166
5,2024,24,PRUNED,-1.431206704199838,252,0.4,1.0,40,2.25,0.25,20,2.0,,,,
5,2024,25,PRUNED,-0.992182582427051,252,0.4,0.25,40,2.0,0.0,5,5.0,,,,
5,2024,26,COMPLETE,0.21799637736372882,252,0.4,0.25,40,1.75,0.0,10,3.0,1990.0,0.014815957538665936,-0.09376984414485012,0.21799637736372882
5,2024,27,COMPLETE,0.1913044064609992,252,0.4,0.25,40,1.5,0.0,10,3.0,2003.0,0.012571443734221699,-0.09026174036331469,0.1913044064609992
5,2024,28,COMPLETE,-0.005708736051877441,252,0.45,0.25,40,1.5,0.25,20,4.0,2147.0,-0.003459688096416058,-0.11355662977933034,-0.005708736051877441
5,2024,29,PRUNED,-1.612253928363206,252,0.3,0.5,40,2.25,0.25,20,2.5,,,,
5,2024,30,COMPLETE,0.09407253445610157,252,0.35,0.25,40,2.0,0.25,15,5.0,2094.0,0.004366751326047691,-0.1493281560465467,0.09407253445610157
5,2024,31,PRUNED,-0.8281277289757671,252,0.4,0.25,60,1.75,0.0,10,3.0,,,,
6,2025,0,COMPLETE,-0.1203545290555095,126,0.6,0.5,40,2.75,0.25,20,3.5,1963.0,-0.010567902322566769,-0.09275529043539255,-0.1203545290555095
6,2025,1,COMPLETE,0.4990576616597621,252,0.4,0.25,40,2.25,0.75,10,4.0,2343.0,0.03346684557337998,-0.09438364250646758,0.4990576616597621
6,2025,2,COMPLETE,0.31861084892329206,252,0.45,0.25,60,1.5,0.0,5,2.5,2053.0,0.021618791379493407,-0.11866415800102148,0.31861084892329206
6,2025,3,COMPLETE,0.03932026721128387,252,0.5,1.0,60,2.0,0.25,10,4.0,2123.0,0.00011930953345107298,-0.0931725379387558,0.03932026721128387
6,2025,4,COMPLETE,-0.21208170444124338,126,0.55,0.25,60,1.75,0.75,10,4.5,2376.0,-0.01911296620838432,-0.12199088241234668,-0.21208170444124338
6,2025,5,COMPLETE,0.38938699395493365,126,0.5,2.0,120,1.75,0.25,5,4.0,2105.0,0.026531262678263445,-0.07103791270692172,0.38938699395493365
6,2025,6,COMPLETE,-0.23754316104764858,504,0.6,0.5,40,1.5,0.25,20,4.0,2173.0,-0.019252614631273368,-0.11811450452875871,-0.23754316104764858
6,2025,7,COMPLETE,-0.9501153666061458,504,0.45,1.0,60,3.0,0.25,5,5.0,1690.0,-0.07250708595049937,-0.20147207513489263,-0.9501153666061458
6,2025,8,COMPLETE,0.4166850109197779,126,0.3,0.5,40,2.5,0.25,15,4.0,2039.0,0.02973450461419902,-0.08910792706565962,0.4166850109197779
6,2025,9,COMPLETE,-0.030336043929559648,504,0.3,1.0,60,2.0,0.25,5,4.5,2097.0,-0.006042332318428767,-0.09231024323526149,-0.030336043929559648
6,2025,10,COMPLETE,-0.005395872880724054,504,0.4,0.5,60,1.75,0.25,20,3.5,2150.0,-0.003544007371277802,-0.08779860926422134,-0.005395872880724054
6,2025,11,COMPLETE,-0.28625087442765174,126,0.4,0.25,40,2.75,1.0,10,2.5,2211.0,-0.021437130278448735,-0.07819407362640207,-0.28625087442765174
6,2025,12,PRUNED,-2.2227620792020266,126,0.3,1.0,40,2.5,0.25,15,4.5,,,,
6,2025,13,PRUNED,-1.619066220633524,252,0.35,0.25,40,2.25,0.0,10,4.5,,,,
6,2025,14,COMPLETE,0.3113842209854738,252,0.4,0.5,40,2.25,0.5,15,3.0,2284.0,0.020509623134298938,-0.10929099152124588,0.3113842209854738
6,2025,15,PRUNED,-1.2205311167139372,504,0.45,0.25,40,2.0,0.75,10,5.0,,,,
6,2025,16,PRUNED,-2.2491597553054308,126,0.35,0.5,40,3.0,0.0,20,3.5,,,,
6,2025,17,PRUNED,-1.545563018770651,504,0.4,0.25,40,2.75,0.75,10,4.0,,,,
6,2025,18,PRUNED,-2.1612099276962016,126,0.3,0.25,60,2.75,0.5,15,3.5,,,,
6,2025,19,COMPLETE,0.23587011071930963,252,0.5,0.25,40,2.0,1.0,10,4.0,2451.0,0.013782617956160426,-0.09454936197551778,0.23587011071930963
6,2025,20,PRUNED,-0.2213666423717204,126,0.45,0.25,40,2.25,1.0,10,5.0,,,,
6,2025,21,PRUNED,-1.0829171079947673,252,0.3,0.25,40,2.25,0.75,15,4.5,,,,
6,2025,22,PRUNED,-0.12026648644684627,126,0.5,1.0,120,1.5,0.0,10,4.5,,,,
6,2025,23,PRUNED,-1.7399450404215606,504,0.4,0.25,40,2.25,1.0,10,3.5,,,,
6,2025,24,PRUNED,-0.26138857975760854,126,0.4,0.25,60,2.5,0.25,10,4.0,,,,
6,2025,25,PRUNED,-1.6061492535335051,126,0.45,0.5,40,2.25,0.25,5,4.0,,,,
6,2025,26,PRUNED,-1.0522670677035146,126,0.35,2.0,120,1.5,0.0,5,4.0,,,,
6,2025,27,PRUNED,-1.1449938149661258,126,0.55,2.0,60,1.5,0.25,5,3.5,,,,
6,2025,28,PRUNED,-1.2593534874727232,126,0.6,1.0,60,1.75,0.0,5,4.0,,,,
6,2025,29,PRUNED,-1.0657001696249002,252,0.5,0.5,40,2.25,0.5,10,4.0,,,,
6,2025,30,PRUNED,-1.4860199533796912,126,0.55,2.0,40,1.75,0.25,10,4.0,,,,
6,2025,31,COMPLETE,0.22551175871121157,252,0.45,0.25,60,1.5,0.0,5,2.0,2110.0,0.0139803992015064,-0.09943134939276588,0.22551175871121157
7,2026,0,COMPLETE,-0.2948085812398781,126,0.35,2.0,120,2.5,0.5,15,2.5,2687.0,-0.027748589195285778,-0.17398791877901798,-0.2948085812398781
7,2026,1,COMPLETE,-0.9582676437780152,504,0.6,1.0,60,2.25,1.0,20,2.5,3095.0,-0.07629893632600049,-0.2336328879519075,-0.9582676437780152
7,2026,2,COMPLETE,-0.1402836500067297,504,0.3,0.5,40,2.5,0.75,20,4.0,2871.0,-0.014962932249100835,-0.14301105089281285,-0.1402836500067297
7,2026,3,COMPLETE,0.49522348362467705,252,0.4,2.0,40,2.0,0.0,10,5.0,2480.0,0.04218155108497812,-0.13755261796126883,0.49522348362467705
7,2026,4,COMPLETE,-0.447771896843364,504,0.5,2.0,120,2.75,1.0,15,3.0,2602.0,-0.03905294702247342,-0.1658822728661209,-0.447771896843364
7,2026,5,COMPLETE,-0.5362166320940792,252,0.4,0.5,60,1.75,1.0,15,4.5,3155.0,-0.051343403603511306,-0.2182730982808272,-0.5362166320940792
7,2026,6,COMPLETE,0.31084453896600595,252,0.3,1.0,120,2.0,0.0,5,2.5,2563.0,0.023522266788744695,-0.08813841115955123,0.31084453896600595
7,2026,7,COMPLETE,-0.5772604936096536,252,0.55,0.25,120,1.5,1.0,15,5.0,3152.0,-0.050526167170200975,-0.1971697963009995,-0.5772604936096536
7,2026,8,COMPLETE,-0.43108335253945385,126,0.5,1.0,120,2.5,0.75,20,4.0,2766.0,-0.04019073124435635,-0.1736062440539653,-0.43108335253945385
7,2026,9,COMPLETE,-1.3430491760711745,252,0.55,0.25,120,2.5,1.0,15,2.0,2940.0,-0.1034797754003457,-0.2983689597372019,-1.3430491760711745
7,2026,10,COMPLETE,-0.24827107642151014,504,0.45,2.0,40,1.75,0.75,5,4.0,3097.0,-0.02447221257550758,-0.2057022246272766,-0.24827107642151014
7,2026,11,COMPLETE,-0.8011735569707824,126,0.45,1.0,120,2.25,1.0,15,3.5,2960.0,-0.07069235918476835,-0.23750287248701207,-0.8011735569707824
7,2026,12,COMPLETE,0.5606157136694999,252,0.3,1.0,40,2.25,0.0,10,5.0,2446.0,0.04775745071228843,-0.11658602336545776,0.5606157136694999
7,2026,13,COMPLETE,0.6844786090590063,252,0.35,2.0,40,2.25,0.0,5,5.0,2444.0,0.05950355208777891,-0.11547877094114545,0.6844786090590063
7,2026,14,COMPLETE,0.5611761019676743,252,0.35,1.0,40,2.0,0.0,10,3.5,2540.0,0.04772157141555855,-0.1196754378311431,0.5611761019676743
7,2026,15,COMPLETE,0.43550166589833467,252,0.3,1.0,40,2.0,0.0,10,4.0,2510.0,0.036322393074461834,-0.15355080481877725,0.43550166589833467
7,2026,16,COMPLETE,0.42368419633458776,252,0.4,1.0,40,1.5,0.0,10,3.0,2618.0,0.03573571491047178,-0.15464582362961565,0.42368419633458776
7,2026,17,COMPLETE,0.39970617882350945,252,0.35,1.0,60,2.25,0.0,5,5.0,2370.0,0.03421276812604801,-0.07763209644512903,0.39970617882350945
7,2026,18,COMPLETE,0.5961791543997061,252,0.35,0.5,40,1.75,0.0,5,5.0,2503.0,0.052293379305089704,-0.10836834448077581,0.5961791543997061
7,2026,19,COMPLETE,0.4726163791051321,126,0.3,0.5,40,2.0,0.25,5,4.0,2766.0,0.03973560414858701,-0.13118432586859796,0.4726163791051321
7,2026,20,COMPLETE,0.6891029985272151,252,0.35,0.25,40,1.75,0.0,10,5.0,2496.0,0.06192641010701627,-0.09158427972397232,0.6891029985272151
7,2026,21,COMPLETE,0.5842258362014449,504,0.4,0.25,40,1.75,0.0,10,5.0,2512.0,0.04925344582982594,-0.10759793874013712,0.5842258362014449
7,2026,22,COMPLETE,0.7511130583748542,252,0.3,0.5,40,1.5,0.0,10,5.0,2508.0,0.06674908305458116,-0.10772811912172864,0.7511130583748542
7,2026,23,PRUNED,0.8350855778210351,252,0.3,0.5,40,1.5,0.25,10,4.5,,,,
7,2026,24,PRUNED,0.8861793781684659,252,0.45,0.25,40,1.75,0.0,10,4.5,,,,
7,2026,25,COMPLETE,0.6047708986043109,252,0.3,2.0,40,2.5,0.0,5,4.5,2381.0,0.051716451636278915,-0.09328709850063543,0.6047708986043109
7,2026,26,PRUNED,0.9046034351262634,252,0.4,0.25,40,1.5,0.25,10,5.0,,,,
7,2026,27,PRUNED,0.7596164926243536,252,0.4,0.5,60,1.75,0.0,5,5.0,,,,
7,2026,28,COMPLETE,0.448037831279897,126,0.35,0.25,40,1.75,0.0,5,5.0,2497.0,0.03731631991080753,-0.14989400930140917,0.448037831279897
7,2026,29,COMPLETE,0.4653041761877166,504,0.3,1.0,40,1.75,0.0,5,5.0,2492.0,0.03917502304063647,-0.133505375947518,0.4653041761877166
7,2026,30,PRUNED,1.0917555386871898,252,0.4,2.0,40,2.75,0.0,5,5.0,,,,
7,2026,31,COMPLETE,0.6321605161473053,252,0.3,2.0,40,2.5,0.0,5,5.0,2368.0,0.05469527870264623,-0.08226684629638403,0.6321605161473053
