window,test_year,variant,train_sharpe,train_trades,test_sharpe,test_return,test_trades,p_lookback,p_threshold,p_alpha,p_z_window,p_entry_z,p_exit_z,p_max_hold,p_stop_k
0,2019,chosen,-0.3342402653727708,2330,-1.6876231008230853,-0.12312828636029971,766,126,0.6,2.0,120,2.0,0.0,15,3.5
0,2019,lookback=252,-0.6580498170712449,2302,-1.2082728939037726,-0.07736096957026795,767,252,0.6,2.0,120,2.0,0.0,15,3.5
0,2019,threshold=0.55,-0.7500744217769652,2312,-0.5948736490447455,-0.04441244430531832,789,126,0.55,2.0,120,2.0,0.0,15,3.5
0,2019,alpha=1.0,-0.34856368855100317,2328,-0.8689011798167366,-0.06178399895539144,779,126,0.6,1.0,120,2.0,0.0,15,3.5
0,2019,z_window=60,-0.8348607218015026,2354,-0.4108983975861703,-0.030369167014962173,789,126,0.6,2.0,60,2.0,0.0,15,3.5
0,2019,entry_z=1.75,-0.5788803662864449,2357,-1.7511317616835433,-0.12773501292560174,775,126,0.6,2.0,120,1.75,0.0,15,3.5
0,2019,entry_z=2.25,-0.6447803812314202,2269,-1.0390613811537117,-0.0785154839787987,744,126,0.6,2.0,120,2.25,0.0,15,3.5
0,2019,exit_z=0.25,-0.8261322956406011,2549,-0.3118091244458198,-0.025114331522981814,852,126,0.6,2.0,120,2.0,0.25,15,3.5
0,2019,max_hold=10,-0.3342402653727708,2330,-1.6876231008230853,-0.12312828636029971,766,126,0.6,2.0,120,2.0,0.0,10,3.5
0,2019,max_hold=20,-0.3342402653727708,2330,-1.6876231008230853,-0.12312828636029971,766,126,0.6,2.0,120,2.0,0.0,20,3.5
0,2019,stop_k=3.0,-0.32618503862970427,2354,-1.6995399285496458,-0.12157881457362629,784,126,0.6,2.0,120,2.0,0.0,15,3.0
0,2019,stop_k=4.0,-0.8108549367413858,2307,-1.7718519939069237,-0.12899529950884014,761,126,0.6,2.0,120,2.0,0.0,15,4.0
1,2020,chosen,0.20290046313159163,2415,1.577879536342879,0.1507273857717597,591,504,0.4,2.0,40,2.0,0.0,15,5.0
1,2020,lookback=252,0.005736159593030091,2432,1.545851155515068,0.14467721618626994,582,252,0.4,2.0,40,2.0,0.0,15,5.0
1,2020,threshold=0.35,-0.13039492869533093,2448,1.4448563664959433,0.13581846382024443,581,504,0.35,2.0,40,2.0,0.0,15,5.0
1,2020,threshold=0.45,-0.1549845466058062,2436,1.6341179392849778,0.1479578254227658,589,504,0.45,2.0,40,2.0,0.0,15,5.0
1,2020,alpha=1.0,0.029532589338740582,2424,1.785865106074182,0.1729114000812526,592,504,0.4,1.0,40,2.0,0.0,15,5.0
1,2020,z_window=60,-0.19848697125257192,2411,1.3415583050608493,0.11323295735651562,556,504,0.4,2.0,60,2.0,0.0,15,5.0
1,2020,entry_z=1.75,0.020795202081048007,2431,2.207414301973137,0.22213651311554106,609,504,0.4,2.0,40,1.75,0.0,15,5.0
1,2020,entry_z=2.25,-0.15201809557047924,2380,2.068148791321535,0.1845827454453255,569,504,0.4,2.0,40,2.25,0.0,15,5.0
1,2020,exit_z=0.25,-0.504985500201738,2690,1.1493896741416034,0.09905423923105072,634,504,0.4,2.0,40,2.0,0.25,15,5.0
1,2020,max_hold=10,0.20290046313159163,2415,1.577879536342879,0.1507273857717597,591,504,0.4,2.0,40,2.0,0.0,10,5.0
1,2020,max_hold=20,0.20290046313159163,2415,1.577879536342879,0.1507273857717597,591,504,0.4,2.0,40,2.0,0.0,20,5.0
1,2020,stop_k=4.5,0.0671271040244615,2434,1.8224060448293198,0.17285865374605458,596,504,0.4,2.0,40,2.0,0.0,15,4.5
2,2021,chosen,0.642360723260613,2188,-0.9175266691052686,-0.0898984524329075,882,252,0.5,2.0,40,1.75,0.0,10,4.0
2,2021,lookback=126,0.2747521113954126,2193,-0.4860127726548475,-0.05039009319451304,883,126,0.5,2.0,40,1.75,0.0,10,4.0
2,2021,lookback=504,0.22361250070489586,2202,-1.2219457592436263,-0.11563650522095881,887,504,0.5,2.0,40,1.75,0.0,10,4.0
2,2021,threshold=0.45,0.1675944382622188,2184,-1.3393890611048385,-0.12983830104290794,882,252,0.45,2.0,40,1.75,0.0,10,4.0
2,2021,threshold=0.55,0.38703934345871754,2216,-1.3286364815681144,-0.1297554130666715,867,252,0.55,2.0,40,1.75,0.0,10,4.0
2,2021,alpha=1.0,0.6831483378353876,2203,-1.0506090523280511,-0.10400958704234042,877,252,0.5,1.0,40,1.75,0.0,10,4.0
2,2021,z_window=60,0.5829365050935112,2181,-1.2868561235031486,-0.11679106006702566,869,252,0.5,2.0,60,1.75,0.0,10,4.0
2,2021,entry_z=1.5,0.4966920973889231,2195,-0.9158660850738611,-0.08952271233324605,881,252,0.5,2.0,40,1.5,0.0,10,4.0
2,2021,entry_z=2.0,0.49255795018400295,2156,-0.8337920916613066,-0.08204587892338056,878,252,0.5,2.0,40,2.0,0.0,10,4.0
2,2021,exit_z=0.25,0.1077540567514517,2418,-1.035362731779216,-0.09740847225467442,961,252,0.5,2.0,40,1.75,0.25,10,4.0
2,2021,max_hold=5,0.5719134083981174,2191,-0.8785538052167797,-0.08634436180614824,884,252,0.5,2.0,40,1.75,0.0,5,4.0
2,2021,max_hold=15,0.642360723260613,2188,-0.9175266691052686,-0.0898984524329075,882,252,0.5,2.0,40,1.75,0.0,15,4.0
2,2021,stop_k=3.5,0.8458500065091081,2214,-1.1977301025266303,-0.1065492768698314,899,252,0.5,2.0,40,1.75,0.0,10,3.5
2,2021,stop_k=4.5,0.7821466944003156,2168,-0.7673033589149251,-0.07765012761777967,875,252,0.5,2.0,40,1.75,0.0,10,4.5
3,2022,chosen,0.2855471977596525,2411,-0.6909718634824169,-0.03636784027409101,210,252,0.5,1.0,60,2.0,0.25,15,4.5
3,2022,lookback=126,0.2815989990722711,2417,-0.8013858466023294,-0.03959464507384047,209,126,0.5,1.0,60,2.0,0.25,15,4.5
3,2022,lookback=504,-0.07868781777480821,2397,-1.2417303178193018,-0.06155943337271674,205,504,0.5,1.0,60,2.0,0.25,15,4.5
3,2022,threshold=0.45,0.04596379172804092,2397,-0.49307952645531766,-0.025532661071262508,209,252,0.45,1.0,60,2.0,0.25,15,4.5
3,2022,threshold=0.55,0.085569203388698,2411,-0.9384744579664922,-0.042223486175510305,205,252,0.55,1.0,60,2.0,0.25,15,4.5
3,2022,alpha=0.5,0.14898137840338085,2409,-1.020821366927526,-0.05256805562370703,207,252,0.5,0.5,60,2.0,0.25,15,4.5
3,2022,alpha=2.0,0.42905712378038274,2402,-0.2605313383589411,-0.015073238372205644,210,252,0.5,2.0,60,2.0,0.25,15,4.5
3,2022,z_window=40,0.09106470003875347,2473,-1.0986653991009792,-0.04894219527490318,213,252,0.5,1.0,40,2.0,0.25,15,4.5
3,2022,z_window=120,-0.11521040912576791,2313,-0.8793621238581492,-0.044901692985992,205,252,0.5,1.0,120,2.0,0.25,15,4.5
3,2022,entry_z=1.75,0.07285884175318286,2488,-1.0101317002775922,-0.05321281396890187,214,252,0.5,1.0,60,1.75,0.25,15,4.5
3,2022,entry_z=2.25,0.21815334951082746,2324,-1.4155013489368966,-0.06623008446849987,193,252,0.5,1.0,60,2.25,0.25,15,4.5
3,2022,exit_z=0.0,-0.1934806759061883,2194,-0.7340935567576754,-0.04018239193713813,197,252,0.5,1.0,60,2.0,0.0,15,4.5
3,2022,exit_z=0.5,0.030660611549990936,2574,-1.101291436423962,-0.05165407051217097,220,252,0.5,1.0,60,2.0,0.5,15,4.5
3,2022,max_hold=10,0.2855471977596525,2411,-0.6909718634824169,-0.03636784027409101,210,252,0.5,1.0,60,2.0,0.25,10,4.5
3,2022,max_hold=20,0.2855471977596525,2411,-0.6909718634824169,-0.03636784027409101,210,252,0.5,1.0,60,2.0,0.25,20,4.5
3,2022,stop_k=4.0,0.30713318383896543,2431,-0.6286946440145007,-0.03216987832752505,211,252,0.5,1.0,60,2.0,0.25,15,4.0
3,2022,stop_k=5.0,0.392727752617331,2400,-0.8689186027412855,-0.04498552828682312,207,252,0.5,1.0,60,2.0,0.25,15,5.0
4,2023,chosen,0.4083542733800205,1598,0.46067509491180847,0.04060866435943411,815,126,0.45,0.5,120,1.75,0.0,20,4.5
4,2023,lookback=252,-0.05415146616097833,1592,1.0016045935308133,0.0959423181148964,814,252,0.45,0.5,120,1.75,0.0,20,4.5
4,2023,threshold=0.4,0.2890284398738964,1606,1.0920072711221722,0.10709950673892399,808,126,0.4,0.5,120,1.75,0.0,20,4.5
4,2023,threshold=0.5,0.07468497258308061,1600,0.41131617100541457,0.03344321589040078,808,126,0.5,0.5,120,1.75,0.0,20,4.5
4,2023,alpha=0.25,0.20741027483601535,1596,0.10927967549179193,0.005806509357955125,809,126,0.45,0.25,120,1.75,0.0,20,4.5
4,2023,alpha=1.0,0.12561933913680884,1592,0.5006668025840568,0.044667508144378365,812,126,0.45,1.0,120,1.75,0.0,20,4.5
4,2023,z_window=60,0.033624743474650894,1655,0.85374795974678,0.08014949292882778,822,126,0.45,0.5,60,1.75,0.0,20,4.5
4,2023,entry_z=1.5,0.5174659948223258,1640,0.2786006653255295,0.02255379842598515,816,126,0.45,0.5,120,1.5,0.0,20,4.5
4,2023,entry_z=2.0,0.44738940613056033,1542,0.4768565132303417,0.04188821330151993,800,126,0.45,0.5,120,2.0,0.0,20,4.5
4,2023,exit_z=0.25,-0.13254857114712396,1769,0.93298765394754,0.08728091463462384,913,126,0.45,0.5,120,1.75,0.25,20,4.5
4,2023,max_hold=15,0.4083542733800205,1598,0.46067509491180847,0.04060866435943411,815,126,0.45,0.5,120,1.75,0.0,15,4.5
4,2023,stop_k=4.0,0.42173074664546695,1610,0.6316817391819385,0.05532357529785448,822,126,0.45,0.5,120,1.75,0.0,20,4.0
4,2023,stop_k=5.0,0.24498072010311853,1587,0.5961345009178791,0.052921487178969606,807,126,0.45,0.5,120,1.75,0.0,20,5.0
5,2024,chosen,0.2387601872774496,2107,2.2190642420922884,0.2086226966099971,1006,252,0.4,0.25,40,1.75,0.25,20,5.0
5,2024,lookback=126,-0.07723957561707549,2117,1.1773815540117407,0.10508938911312238,1002,126,0.4,0.25,40,1.75,0.25,20,5.0
5,2024,lookback=504,-0.1850113901451415,2104,0.8858696313074577,0.07547106432009332,999,504,0.4,0.25,40,1.75,0.25,20,5.0
5,2024,threshold=0.35,0.12217307468049482,2115,1.7393685854203065,0.1706934741554471,1003,252,0.35,0.25,40,1.75,0.25,20,5.0
5,2024,threshold=0.45,-0.2611785748986033,2100,0.31763275608377584,0.023513262663680257,1004,252,0.45,0.25,40,1.75,0.25,20,5.0
5,2024,alpha=0.5,0.23422802848334093,2109,1.9065438919060584,0.17406110236725136,1005,252,0.4,0.5,40,1.75,0.25,20,5.0
5,2024,z_window=60,-0.24984684065310697,2067,1.0314411462031408,0.08746786733477396,977,252,0.4,0.25,60,1.75,0.25,20,5.0
5,2024,entry_z=1.5,0.12147336916461556,2124,2.19663867531631,0.2062718301460167,1008,252,0.4,0.25,40,1.5,0.25,20,5.0
5,2024,entry_z=2.0,0.24943092232539382,2089,2.437962312609106,0.22579898545123656,1003,252,0.4,0.25,40,2.0,0.25,20,5.0
5,2024,exit_z=0.0,-0.11894682628045043,1895,1.066724814216701,0.09721907340999603,911,252,0.4,0.25,40,1.75,0.0,20,5.0
5,2024,exit_z=0.5,0.017939886976317033,2249,0.6478849977595376,0.05295273409104917,1080,252,0.4,0.25,40,1.75,0.5,20,5.0
5,2024,max_hold=15,0.2387601872774496,2107,2.2190642420922884,0.2086226966099971,1006,252,0.4,0.25,40,1.75,0.25,15,5.0
5,2024,stop_k=4.5,0.2303158958430875,2117,2.189388649376858,0.20636186189736305,1009,252,0.4,0.25,40,1.75,0.25,20,4.5
6,2025,chosen,0.4990576616597621,2343,-1.0599297360414244,-0.08772416635036961,882,252,0.4,0.25,40,2.25,0.75,10,4.0
6,2025,lookback=126,0.09461040850395358,2337,-1.2109138155146266,-0.09842628355612182,888,126,0.4,0.25,40,2.25,0.75,10,4.0
6,2025,lookback=504,0.20985749613201693,2330,-1.2907035331726613,-0.10264327231159942,882,504,0.4,0.25,40,2.25,0.75,10,4.0
6,2025,threshold=0.35,-0.14349908147705687,2338,-0.4741515129524121,-0.04355863447874264,879,252,0.35,0.25,40,2.25,0.75,10,4.0
6,2025,threshold=0.45,0.1999077169763046,2337,-1.0074702156132018,-0.08381594709607798,881,252,0.45,0.25,40,2.25,0.75,10,4.0
6,2025,alpha=0.5,0.09398836363109896,2340,-0.6106417882585554,-0.05359272896993561,880,252,0.4,0.5,40,2.25,0.75,10,4.0
6,2025,z_window=60,-0.30334771225975465,2290,-0.9588718995499672,-0.0815739709081309,871,252,0.4,0.25,60,2.25,0.75,10,4.0
6,2025,entry_z=2.0,0.47983102291845364,2404,-1.2082544178394794,-0.09949154101752034,907,252,0.4,0.25,40,2.0,0.75,10,4.0
6,2025,entry_z=2.5,0.3072858523062512,2248,-0.8072020585883687,-0.06758320401289142,852,252,0.4,0.25,40,2.5,0.75,10,4.0
6,2025,exit_z=0.5,0.6744420407007732,2251,-1.5218632929567935,-0.1292016933348792,846,252,0.4,0.25,40,2.25,0.5,10,4.0
6,2025,exit_z=1.0,0.26610905020768827,2397,-1.0348391149673597,-0.08630582342433135,915,252,0.4,0.25,40,2.25,1.0,10,4.0
6,2025,max_hold=5,0.4990576616597621,2343,-1.0599297360414244,-0.08772416635036961,882,252,0.4,0.25,40,2.25,0.75,5,4.0
6,2025,max_hold=15,0.4990576616597621,2343,-1.0599297360414244,-0.08772416635036961,882,252,0.4,0.25,40,2.25,0.75,15,4.0
6,2025,stop_k=3.5,0.6091706662775574,2352,-1.3336275117093344,-0.10846667155520828,885,252,0.4,0.25,40,2.25,0.75,10,3.5
6,2025,stop_k=4.5,0.4297100829868599,2334,-0.831586772633843,-0.07036291256672234,881,252,0.4,0.25,40,2.25,0.75,10,4.5
7,2026,chosen,0.7511130583748542,2508,-1.9515506631634636,-0.17017847219441595,608,252,0.3,0.5,40,1.5,0.0,10,5.0
7,2026,lookback=126,0.746328600012033,2504,-2.343871618252161,-0.20911012616642566,618,126,0.3,0.5,40,1.5,0.0,10,5.0
7,2026,lookback=504,0.42469195043968455,2505,-2.7146732880665256,-0.22688083385222113,607,504,0.3,0.5,40,1.5,0.0,10,5.0
7,2026,threshold=0.35,0.6076844532556696,2515,-2.3688933428815737,-0.19864889916067152,613,252,0.35,0.5,40,1.5,0.0,10,5.0
7,2026,alpha=0.25,0.7731884202248696,2518,-1.7702232619498575,-0.15468432634395068,611,252,0.3,0.25,40,1.5,0.0,10,5.0
7,2026,alpha=1.0,0.8056477334482122,2513,-1.7241294001753642,-0.15528081481427536,612,252,0.3,1.0,40,1.5,0.0,10,5.0
7,2026,z_window=60,0.264306260608811,2472,-0.30521028717974724,-0.03388581103845423,619,252,0.3,0.5,60,1.5,0.0,10,5.0
7,2026,entry_z=1.75,0.7504209183015577,2501,-1.9515506631634636,-0.17017847219441595,608,252,0.3,0.5,40,1.75,0.0,10,5.0
7,2026,exit_z=0.25,0.5257036150177,2798,-1.4107463253742176,-0.13800426029071333,681,252,0.3,0.5,40,1.5,0.25,10,5.0
7,2026,max_hold=5,0.7667402534513601,2513,-2.021525384256907,-0.17440450836742472,610,252,0.3,0.5,40,1.5,0.0,5,5.0
7,2026,max_hold=15,0.7511130583748542,2508,-1.9515506631634636,-0.17017847219441595,608,252,0.3,0.5,40,1.5,0.0,15,5.0
7,2026,stop_k=4.5,0.6287482462124486,2522,-1.7655407315146,-0.15417008957275768,614,252,0.3,0.5,40,1.5,0.0,10,4.5
